Cod_ibge;Mun;Município_base;Regional;Lat;Long;Unidade_Nome;Unidade
3500105;ADAMANTINA;Adamantina;Regional Dracena;-51,180608;-21,710163;IDA ADAMANTINA;IDA
3504107;ATIBAIA;Atibaia;Regional Bragança Paulista;-46,571246;-23,133402;IDA ATIBAIA;IDA
3504909;BANANAL;Bananal;Regional Guaratinguetá;-44,330912;-22,763651;IDA BANANAL;IDA
3505807;BASTOS;Bastos;Regional Tupã;-50,771543;-21,951551;IDA BASTOS;IDA
3505906;BATATAIS;Batatais;Regional Franca;-47,596353;-20,863177;IDA BATATAIS;IDA
3506102;BEBEDOURO;Bebedouro;Regional Barretos;-48,522526;-20,934;IDA BEBEDOURO;IDA
3507902;BROTAS;Brotas;Regional Jaú;-48,108428;-22,288738;IDA BROTAS;IDA
3508108;BURITAMA;Buritama;Regional General Salgado;-50,201893;-21,055171;IDA BURITAMA;IDA
3509403;CAJURU;Cajuru;Regional Ribeirão Preto;-47,332595;-21,279782;IDA CAJURU;IDA
3510708;CARDOSO;Cardoso;Regional Votuporanga;-49,958564;-20,061094;IDA CARDOSO;IDA
3510807;CASA BRANCA;Casa Branca;Regional São João da Boa Vista;-47,099457;-21,787016;IDA CASA BRANCA;IDA
3516705;GARÇA;Garça;Regional Marília;-49,695074;-22,229476;IDA GARÇA;IDA
3518008;GUARANI D'OESTE;Guarani D´Oeste;Regional Fernandópolis;-50,348074;-20,065111;IDA GUARANI D'OESTE;IDA
3518206;GUARARAPES;Guararapes;Regional Araçatuba;-50,627916;-21,285151;IDA GUARARAPES;IDA
3518305;GUARAREMA;Guararema;Regional Mogi das Cruzes;-46,058276;-23,441373;IDA GUARAREMA;IDA
3520103;IGARAPAVA;Igarapava;Regional Orlândia;-47,694763;-20,068266;IDA IGARAPAVA;IDA
3520301;IGUAPE;Iguape;Regional Registro;-47,463553;-24,609921;IDA IGUAPE;IDA
3523206;ITARARÉ;Itararé;Regional Itapeva;-49,318776;-24,118538;IDA ITARARÉ;IDA
3523909;ITU;Itu;Regional Sorocaba;-47,273179;-23,288788;IDA ITU;IDA
3524709;JAGUARIÚNA;Jaguariúna;Regional Mogi Mirim;-47,021334;-22,689771;IDA JAGUARIÚNA;IDA
3525904;JUNDIAÍ;Jundiaí;Regional Campinas;-46,914069;-23,205025;IDA JUNDIAÍ;IDA
3530102;MIRANDÓPOLIS;Mirandópolis;Regional Andradina;-51,112979;-21,104608;IDA MIRANDÓPOLIS;IDA
3531308;MONTE ALTO;Monte Alto;Regional Jaboticabal;-48,560047;-21,257604;IDA MONTE ALTO;IDA
3533502;NOVO HORIZONTE;Novo Horizonte;Regional Catanduva;-49,295324;-21,471572;IDA NOVO HORIZONTE;IDA
3535507;PARAGUAÇU PAULISTA;Paraguaçu Paulista;Regional Assis;-50,639385;-22,470121;IDA PARAGUAÇU PAULISTA;IDA
3538907;PIRAJUÍ;Pirajuí;Regional Lins;-49,444532;-21,898932;IDA PIRAJUÍ;IDA
3539400;PIRATININGA;Piratininga;Regional Bauru;-49,19616;-22,412167;IDA PIRATININGA;IDA
3541307;PRESIDENTE EPITÁCIO;Presidente Epitácio;Regional PresidenteVenceslau;-52,192717;-21,915192;IDA PRESIDENTE EPITÁCIO;IDA
3542206;RANCHARIA;Rancharia;Regional Presidente Prudente;-50,912077;-22,317582;IDA RANCHARIA;IDA
3543907;RIO CLARO;Rio Claro;Regional Limeira;-47,619966;-22,393159;IDA RIO CLARO;IDA
3546405;SANTA CRUZ DO RIO PARDO;Santa Cruz do Rio Pardo;Regional Ourinhos;-49,572316;-22,756007;IDA SANTA CRUZ DO RIO PARDO;IDA
3546603;SANTA FÉ DO SUL;Santa Fé do Sul;Regional Jales;-50,939765;-20,273426;IDA SANTA FÉ DO SUL;IDA
3548609;SÃO BENTO DO SAPUCAÍ;São Bento do Sapucaí;Regional Pindamonhangaba;-45,681131;-22,698459;IDA SÃO BENTO DO SAPUCAÍ;IDA
3548906;SÃO CARLOS;São Carlos;Regional Araraquara;-47,908283;-21,879904;IDA SÃO CARLOS;IDA
3550100;SÃO MANUEL;São Manuel;Regional Botucatu;-48,582534;-22,702655;IDA SÃO MANUEL;IDA
3550209;SÃO MIGUEL ARCANJO;São Miguel Arcanjo;Regional Itapetininga;-48,007434;-23,936206;IDA SÃO MIGUEL ARCANJO;IDA
3550308;SÃO PAULO;São Paulo;Regional São Paulo;-46,76089;-23,536258;IDA SÃO PAULO;IDA
3553401;TANABI;Tanabi;Regional São José do Rio Preto;-49,684598;-20,517943;IDA TANABI;IDA
3553807;TAQUARITUBA;Taquarituba;Regional Avaré;-49,240542;-23,534796;IDA TAQUARITUBA;IDA
3554508;TIETÊ;Tietê;Regional Piracicaba;-47,703358;-23,040842;IDA TIETÊ;IDA
3500402;ÁGUAS DA PRATA;Águas da Prata;Regional São João da Boa Vista;-46,685196;-21,916583;UDA ÁGUAS DA PRATA;UDA
3500709;AGUDOS;Agudos;Regional Bauru;-49,120125;-22,550958;UDA AGUDOS;UDA
3501004;ALTINÓPOLIS;Altinópolis;Regional Franca;-47,406552;-21,005734;UDA ALTINÓPOLIS;UDA
3501301;ÁLVARES MACHADO;Álvares Machado;Regional Presidente Prudente;-51,514107;-22,145419;UDA ÁLVARES MACHADO;UDA
3501905;AMPARO;Amparo;Regional Bragança Paulista;-46,811329;-22,693437;UDA AMPARO;UDA
3502705;APIAÍ;Apiaí;Regional Itapeva;-48,799809;-24,430802;UDA APIAÍ;UDA
3503307;ARARAS;Araras;Regional Limeira;-47,336075;-22,331681;UDA ARARAS;UDA
3503802;ARTUR NOGUEIRA;Artur Nogueira;Regional Mogi Mirim;-47,147195;-22,553112;UDA ARTUR NOGUEIRA;UDA
3504206;AURIFLAMA;Auriflama;Regional General Salgado;-50,578708;-20,643177;UDA AURIFLAMA;UDA
3504602;BADY BASSITT;Bady Bassitt;Regional São José do Rio Preto;-49,429294;-20,930372;UDA BADY BASSITT;UDA
3505005;BARÃO DE ANTONINA;Barão de Antonina;Regional Avaré;-49,561584;-23,577011;UDA BARÃO DE ANTONINA;UDA
3505203;BARIRI;Bariri;Regional Jaú;-48,734185;-22,057717;UDA BARIRI;UDA
3506300;BERNARDINO DE CAMPOS;Bernardino de Campos;Regional Ourinhos;-49,490958;-23,017412;UDA BERNARDINO DE CAMPOS;UDA
3506706;BOA ESPERANÇA DO SUL;Boa Esperança do Sul;Regional Araraquara;-48,469358;-21,94875;UDA BOA ESPERANÇA DO SUL;UDA
3506904;BOFETE;Bofete;Regional Botucatu;-48,305361;-23,12313;UDA BOFETE;UDA
3508009;BURI;Buri;Regional Itapeva;-48,562962;-23,743882;UDA BURI;UDA
3508306;CABRÁLIA PAULISTA;Cabrália Paulista;Regional Bauru;-49,390548;-22,467357;UDA CABRÁLIA PAULISTA;UDA
3508504;CAÇAPAVA;Caçapava;Regional Pindamonhangaba;-45,716542;-23,121624;UDA CAÇAPAVA;UDA
3508702;CACONDE;Caconde;Regional São João da Boa Vista;-46,5189;-21,510815;UDA CACONDE;UDA
3509304;CAJOBI;Cajobi;Regional Barretos;-48,84189;-20,872417;UDA CAJOBI;UDA
3509809;CAMPOS NOVOS PAULISTA;Campos Novos Paulista;Regional Assis;-50,015645;-22,632397;UDA CAMPOS NOVOS PAULISTA ;UDA
3510005;CÂNDIDO MOTA;Cândido Mota;Regional Assis;-50,419924;-22,801172;UDA CÂNDIDO MOTA;UDA
3510104;CÂNDIDO RODRIGUES;Cândido Rodrigues;Regional Jaboticabal;-48,626263;-21,334481;UDA CÂNDIDO RODRIGUES;UDA
3511409;CERQUEIRA CÉSAR;Cerqueira César;Regional Avaré;-49,117173;-23,062868;UDA CERQUEIRA CÉSAR;UDA
3557204;CHAVANTES;Chavantes;Regional Ourinhos;-49,747309;-23,039582;UDA CHAVANTES;UDA
3512001;COLINA;Colina;Regional Barretos;-48,589922;-20,727846;UDA COLINA;UDA
3512209;CONCHAL;Conchal;Regional Mogi Mirim;-47,152627;-22,380256;UDA CONCHAL;UDA
3512605;CORONEL MACEDO;Coronel Macedo;Regional Avaré;-49,303452;-23,632237;UDA CORONEL MACEDO;UDA
3513207;CRISTAIS PAULISTA;Cristais Paulista;Regional Franca;-47,402534;-20,365682;UDA CRISTAIS PAULISTA;UDA
3513405;CRUZEIRO;Cruzeiro;Regional Guaratinguetá;-45,009871;-22,58472;UDA CRUZEIRO;UDA
3513603;CUNHA;Cunha;Regional Guaratinguetá;-44,892839;-23,080124;UDA CUNHA;UDA
3513702;DESCALVADO;Descalvado;Regional Araraquara;-47,651036;-21,878994;UDA DESCALVADO;UDA
3514304;DOURADO;Dourado;Regional Araraquara;-48,349337;-22,119005;UDA DOURADO;UDA
3514700;ECHAPORÃ;Echaporã;Regional Assis;-50,21337;-22,413736;UDA ECHAPORÃ;UDA
3515186;ESPÍRITO SANTO DO PINHAL;Espírito Santo do Pinhal;Regional São João da Boa Vista;-46,682101;-22,177189;UDA ESPÍRITO SANTO DO PINHAL;UDA
3515202;ESTRELA D'OESTE;Estrela D'Oeste;Regional Fernandópolis;-50,400939;-20,260138;UDA ESTRELA D'OESTE;UDA
3515350;EUCLIDES DA CUNHA PAULISTA;Euclídes da Cunha Paulista;Regional PresidenteVenceslau;-52,594715;-22,541836;UDA EUCLIDES DA CUNHA PAULISTA;UDA
3515400;FARTURA;Fartura;Regional Ourinhos;-49,513815;-23,398502;UDA FARTURA;UDA
3515608;FERNANDO PRESTES;Fernando Prestes;Regional Jaboticabal;-48,683003;-21,31783;UDA FERNANDO PRESTES;UDA
3516002;FLÓRIDA PAULISTA;Flórida Paulista;Regional Dracena;-51,171596;-21,570717;UDA FLÓRIDA PAULISTA;UDA
3516101;FLORÍNIA;Florínea;Regional Assis;-50,684688;-22,869191;UDA FLORÍNEA;UDA
3516606;GÁLIA;Gália;Regional Marília;-49,576663;-22,319109;UDA GÁLIA;UDA
3517604;GUAPIARA;Guapiara;Regional Itapeva;-48,534845;-24,224728;UDA GUAPIARA;UDA
3517703;GUARÁ;Guará;Regional Orlândia;-47,77759;-20,492147;UDA GUARÁ;UDA
3517802;GUARAÇAÍ;Guaraçaí;Regional Andradina;-51,300507;-21,089632;UDA GUARAÇAÍ;UDA
3517901;GUARACI;Guaraci;Regional Barretos;-48,977492;-20,366831;UDA GUARACI;UDA
3519006;HERCULÂNDIA;Herculândia;Regional Tupã;-50,39573;-21,942208;UDA HERCULÂNDIA;UDA
3520442;ILHA SOLTEIRA;Ilha Solteira;Regional Andradina;-51,205583;-20,493339;UDA ILHA SOLTEIRA;UDA
3520509;INDAIATUBA;Indaiatuba;Regional Campinas;-47,188611;-23,105057;UDA INDAIATUBA;UDA
3521101;IPEÚNA;Ipeúna;Regional Limeira;-47,724069;-22,433979;UDA IPEÚNA;UDA
3521606;IRAPURU;Irapuru;Regional Dracena;-51,350208;-21,491563;UDA IRAPURU;UDA
3521903;ITAJOBI;Itajobi;Regional Catanduva;-49,063121;-21,360066;UDA ITAJOBI;UDA
3522158;ITAÓCA;Itaóca;Regional Itapeva;-48,828949;-24,637347;UDA ITAOCA;UDA
3522604;ITAPIRA;Itapira;Regional Mogi Mirim;-46,757939;-22,432387;UDA ITAPIRA;UDA
3522802;ITAPORANGA;Itaporanga;Regional Avaré;-49,442357;-23,659891;UDA ITAPORANGA;UDA
3523305;ITARIRI;Itariri;Regional Registro;-47,137047;-24,29815;UDA ITARIRI;UDA
3523503;ITATINGA;Itatinga;Regional Botucatu;-48,599105;-23,135674;UDA ITATINGA;UDA
3525706;JOSÉ BONIFÁCIO;José Bonifácio;Regional São José do Rio Preto;-49,773977;-21,100535;UDA JOSÉ BONIFÁCIO ;UDA
3526803;LENÇÓIS PAULISTA;Lençóis Paulista;Regional Jaú;-48,806589;-22,658135;UDA LENÇÓIS PAULISTA;UDA
3527009;LINDÓIA;Lindóia;Regional Bragança Paulista;-46,663874;-22,504482;UDA LINDÓIA;UDA
3527207;LORENA;Lorena;Regional Guaratinguetá;-45,054148;-22,789918;UDA LORENA;UDA
3527603;LUÍS ANTÔNIO;Luiz Antônio;Regional Ribeirão Preto;-47,782949;-21,545095;UDA LUÍS ANTÔNIO;UDA
3528809;MARACAÍ;Maracaí;Regional Assis;-50,75024;-22,657135;UDA MARACAÍ;UDA
3528908;MARIÁPOLIS;Mariápolis;Regional Dracena;-51,17236;-21,796328;UDA MARIÁPOLIS;UDA
3529203;MARTINÓPOLIS;Martinópolis;Regional Presidente Prudente;-51,111193;-22,218193;UDA MARTINÓPOLIS;UDA
3529302;MATÃO;Matão;Regional Araraquara;-48,444287;-21,621334;UDA MATÃO;UDA
3529906;MIRACATU;Miracatu;Regional Registro;-47,370443;-24,209977;UDA MIRACATU;UDA
3530300;MIRASSOL;Mirassol;Regional São José do Rio Preto;-49,507463;-20,824483;UDA MIRASSOL;UDA
3530508;MOCOCA;Mococa;Regional São João da Boa Vista;-47,010076;-21,445977;UDA MOCOCA;UDA
3532603;NHANDEARA;Nhandeara;Regional General Salgado;-50,028102;-20,670997;UDA NHANDEARA;UDA
3533700;OCAUÇU;Ocauçu;Regional Marília;-49,957103;-22,428002;UDA OCAUÇU;UDA
3533908;OLÍMPIA;Olímpia;Regional Barretos;-48,951041;-20,70427;UDA OLÍMPIA;UDA
3534104;ORIENTE;Oriente;Regional Marília;-50,101538;-22,137541;UDA ORIENTE;UDA
3534500;OSCAR BRESSANE;Oscar Bressane;Regional Marília;-50,2548;-22,288861;UDA OSCAR BRESSANE;UDA
3534609;OSVALDO CRUZ;Osvaldo Cruz;Regional Tupã;-50,868721;-21,710544;UDA OSVALDO CRUZ;UDA
3535002;PALESTINA;Palestina;Regional São José do Rio Preto;-49,505274;-20,337249;UDA PALESTINA;UDA
3535200;PALMEIRA D'OESTE;Palmeira D´Oeste;Regional Jales;-50,747135;-20,443078;UDA PALMEIRA D'OESTE;UDA
3535309;PALMITAL;Palmital;Regional Assis;-50,236184;-22,816793;UDA PALMITAL;UDA
3535408;PANORAMA;Panorama;Regional Dracena;-51,861604;-21,487746;UDA PANORAMA;UDA
3535705;PARAÍSO;Paraíso;Regional Catanduva;-48,762166;-21,010741;UDA PARAÍSO;UDA
3535903;PARANAPUÃ;Paranapuã;Regional Jales;-50,582623;-20,067443;UDA PARANAPUÃ;UDA
3536109;PARDINHO;Pardinho;Regional Botucatu;-48,400527;-23,090063;UDA PARDINHO;UDA
3536307;PATROCÍNIO PAULISTA;Patrocínio Paulista;Regional Franca;-47,29221;-20,692997;UDA PATROCÍNIO PAULISTA;UDA
3536604;PAULO DE FARIA;Paulo de Faria;Regional Votuporanga;-49,437399;-20,070003;UDA PAULO DE FARIA;UDA
3537008;PEDREGULHO;Pedregulho;Regional Franca;-47,425298;-20,166923;UDA PEDREGULHO;UDA
3537305;PENÁPOLIS;Penápolis;Regional Araçatuba;-50,133518;-21,385762;UDA PENÁPOLIS;UDA
3537404;PEREIRA BARRETO;Pereira Barreto;Regional Andradina;-51,095273;-20,692586;UDA PEREIRA BARRETO;UDA
3537800;PIEDADE;Piedade;Regional Sorocaba;-47,44278;-23,80763;UDA PIEDADE;UDA
3538006;PINDAMONHANGABA;Pindamonhangaba;Regional Pindamonhangaba;-45,492104;-22,906833;UDA PINDAMONHANGABA;UDA
3539301;PIRASSUNUNGA;Pirassununga;Regional Limeira;-47,415938;-21,969312;UDA PIRASSUNUNGA;UDA
3540002;POMPÉIA;Pompéia;Regional Marília;-50,199272;-22,031283;UDA POMPÉIA;UDA
3540200;PONTAL;Pontal;Regional Ribeirão Preto;-48,057326;-20,986443;UDA PONTAL;UDA
3541109;PRESIDENTE ALVES;Presidente Alves;Regional Bauru;-49,407002;-22,122106;UDA PRESIDENTE ALVES;UDA
3541604;PROMISSÃO;Promissão;Regional Lins;-49,819089;-21,485855;UDA PROMISSÃO;UDA
3542503;REGINÓPOLIS;Reginópolis;Regional Bauru;-49,182032;-21,850058;UDA REGINÓPOLIS;UDA
3543105;RIBEIRÃO CORRENTE;Ribeirão Corrente;Regional Franca;-47,584504;-20,460445;UDA RIBEIRÃO CORRENTE;UDA
3543600;RIFAINA;Rifaina;Regional Franca;-47,443089;-20,0655;UDA RIFAINA;UDA
3543501;RIVERSUL;Riversul;Regional Itapeva;-49,453729;-23,852811;UDA RIVERSUL;UDA
3546108;SANTA CLARA D'OESTE;Santa Clara D´Oeste;Regional Jales;-50,911612;-20,074658;UDA SANTA CLARA D'OESTE;UDA
3547601;SANTA ROSA DE VITERBO;Santa Rosa de Viterbo;Regional Ribeirão Preto;-47,354455;-21,503802;UDA SANTA ROSA DE VITERBO;UDA
3548104;SANTO ANTÔNIO DO JARDIM;Santo Antônio do Jardim;Regional São João da Boa Vista;-46,690229;-22,128856;UDA SANTO ANTÔNIO DO JARDIM;UDA
3549409;SÃO JOAQUIM DA BARRA;São Joaquim da Barra;Regional Orlândia;-47,957384;-20,541691;UDA SÃO JOAQUIM DA BARRA;UDA
3549706;SÃO JOSÉ DO RIO PARDO;São José do Rio Pardo;Regional São João da Boa Vista;-46,896712;-21,593862;UDA SÃO JOSÉ DO RIO PARDO;UDA
3549904;SÃO JOSÉ DOS CAMPOS;São José dos Campos;Regional Pindamonhangaba;-46,047382;-22,904098;UDA SÃO JOSÉ DOS CAMPOS;UDA
3550001;SÃO LUÍZ DO PARAITINGA;São Luiz do Paraitinga;Regional Pindamonhangaba;-45,240726;-23,268939;UDA SÃO LUIZ DO PARAITINGA;UDA
3550506;SÃO PEDRO DO TURVO;São Pedro do Turvo;Regional Ourinhos;-49,749302;-22,680795;UDA SÃO PEDRO DO TURVO;UDA
3550902;SÃO SIMÃO;São Simão;Regional Ribeirão Preto;-47,59811;-21,467678;UDA SÃO SIMÃO;UDA
3552106;SOCORRO;Socorro;Regional Bragança Paulista;-46,561266;-22,463508;UDA SOCORRO;UDA
3552502;SUZANO;Suzano;Regional Mogi das Cruzes;-46,323537;-23,628657;UDA SUZANO;UDA
3552601;TABAPUÃ;Tabapuã;Regional Catanduva;-49,012962;-20,934074;UDA TABAPUÃ;UDA
3552700;TABATINGA;Tabatinga;Regional Araraquara;-48,62208;-21,724185;UDA TABATINGA;UDA
3553104;TAIAÇU;Taiaçu;Regional Jaboticabal;-48,5349;-21,128518;UDA TAIAÇU;UDA
3553302;TAMBAÚ;Tambaú;Regional São João da Boa Vista;-47,241302;-21,5976;UDA TAMBAÚ;UDA
3553708;TAQUARITINGA;Taquaritinga;Regional Jaboticabal;-48,517488;-21,440146;UDA TAQUARITINGA;UDA
3554300;TEODORO SAMPAIO;Teodoro Sampaio;Regional PresidenteVenceslau;-52,395941;-22,453497;UDA TEODORO SAMPAIO;UDA
3554904;TRÊS FRONTEIRAS;Três Fronteiras;Regional Jales;-50,874415;-20,296581;UDA TRÊS FRONTEIRAS;UDA
3555109;TUPI PAULISTA;Tupi Paulista;Regional Dracena;-51,601271;-21,405316;UDA TUPI PAULISTA;UDA
3555406;UBATUBA;Ubatuba;Regional Pindamonhangaba;-45,013022;-23,424839;UDA UBATUBA;UDA
3555604;UCHOA;Uchoa;Regional Catanduva;-49,161259;-20,922365;UDA UCHOA;UDA
3555802;URÂNIA;Urânia;Regional Jales;-50,657254;-20,2015;UDA URÂNIA;UDA
3556008;URUPÊS;Urupês;Regional Catanduva;-49,26194;-21,207789;UDA URUPÊS;UDA
3556305;VALPARAÍSO;Valparaíso;Regional Andradina;-50,947758;-21,196977;UDA VALPARAÍSO;UDA
3556404;VARGEM GRANDE DO SUL;Vargem Grande do Sul;Regional São João da Boa Vista;-46,878933;-21,866025;UDA VARGEM GRANDE DO SUL;UDA
3500105;ADAMANTINA;Adamantina;Regional Dracena;-51,180608;-21,710163;CASA DE AGRICULTURA DE Adamantina;CA
3500204;ADOLFO;Adolfo;Regional São José do Rio Preto;-49,650986;-21,268976;CASA DE AGRICULTURA DE Adolfo;CA
3500303;AGUAÍ;Aguaí;Regional São João da Boa Vista;-47,05419;-22,057679;CASA DE AGRICULTURA DE Aguaí;CA
3500402;ÁGUAS DA PRATA;Águas da Prata;Regional São João da Boa Vista;-46,685196;-21,916583;CASA DE AGRICULTURA DE Águas da Prata;CA
3500501;ÁGUAS DE LINDÓIA;Águas de Lindóia;Regional Bragança Paulista;-46,612849;-22,471172;CASA DE AGRICULTURA DE Águas de Lindóia;CA
3500550;ÁGUAS DE SANTA BÁRBARA;Águas de Santa Bárbara;Regional Avaré;-49,272607;-22,868268;CASA DE AGRICULTURA DE Águas de Santa Bárbara;CA
3500709;AGUDOS;Agudos;Regional Bauru;-49,120125;-22,550958;CASA DE AGRICULTURA DE Agudos;CA
3500758;ALAMBARI;Alambari;Regional Itapetininga;-47,874024;-23,546011;CASA DE AGRICULTURA DE Alambari;CA
3500808;ALFREDO MARCONDES;Alfredo Marcondes;Regional Presidente Prudente;-51,402517;-21,960441;CASA DE AGRICULTURA DE Alfredo Marcondes;CA
3500907;ALTAIR;Altair;Regional Barretos;-49,105118;-20,528514;CASA DE AGRICULTURA DE Altair;CA
3501004;ALTINÓPOLIS;Altinópolis;Regional Franca;-47,406552;-21,005734;CASA DE AGRICULTURA DE Altinópolis;CA
3501103;ALTO ALEGRE;Alto Alegre;Regional Araçatuba;-50,187423;-21,612529;CASA DE AGRICULTURA DE Alto Alegre;CA
3501202;ÁLVARES FLORENCE;Álvares Florence;Regional Votuporanga;-49,912015;-20,292452;CASA DE AGRICULTURA DE Álvares Florence;CA
3501301;ÁLVARES MACHADO;Álvares Machado;Regional Presidente Prudente;-51,514107;-22,145419;CASA DE AGRICULTURA DE Álvares Machado;CA
3501400;ÁLVARO DE CARVALHO;Álvaro de Carvalho;Regional Marília;-49,747832;-22,07736;CASA DE AGRICULTURA DE Álvaro de Carvalho;CA
3501509;ALVINLÂNDIA;Alvinlândia;Regional Marília;-49,759542;-22,444038;CASA DE AGRICULTURA DE Alvinlândia;CA
3501608;AMERICANA;Americana;Regional Piracicaba;-47,296286;-22,719028;CASA DE AGRICULTURA DE Americana;CA
3501806;AMÉRICO DE CAMPOS;Américo de Campos;Regional Votuporanga;-49,756125;-20,287397;CASA DE AGRICULTURA DE Américo de Campos;CA
3501905;AMPARO;Amparo;Regional Bragança Paulista;-46,811329;-22,693437;CASA DE AGRICULTURA DE Amparo;CA
3502002;ANALÂNDIA;Analândia;Regional Limeira;-47,679646;-22,119022;CASA DE AGRICULTURA DE Analândia;CA
3502101;ANDRADINA;Andradina;Regional Andradina;-51,306116;-20,881542;CASA DE AGRICULTURA DE Andradina;CA
3502200;ANGATUBA;Angatuba;Regional Itapetininga;-48,417696;-23,442199;CASA DE AGRICULTURA DE Angatuba;CA
3502309;ANHEMBI;Anhembi;Regional Botucatu;-48,166283;-22,791329;CASA DE AGRICULTURA DE Anhembi;CA
3502408;ANHUMAS;Anhumas;Regional Presidente Prudente;-51,437383;-22,372869;CASA DE AGRICULTURA DE Anhumas;CA
3502606;APARECIDA D'OESTE;Aparecida D´Oeste;Regional Jales;-50,914728;-20,485541;CASA DE AGRICULTURA DE Aparecida d'Oeste;CA
3502705;APIAÍ;Apiaí;Regional Itapeva;-48,799809;-24,430802;CASA DE AGRICULTURA DE Apiaí;CA
3502804;ARAÇATUBA;Araçatuba;Regional Araçatuba;-50,485503;-21,14638;CASA DE AGRICULTURA DE Araçatuba;CA
3502903;ARAÇOIABA DA SERRA;Araçoiaba da Serra;Regional Sorocaba;-47,656393;-23,54059;CASA DE AGRICULTURA DE Araçoiaba da Serra;CA
3503000;ARAMINA;Aramina;Regional Orlândia;-47,819312;-20,156331;CASA DE AGRICULTURA DE Aramina;CA
3503109;ARANDU;Arandu;Regional Avaré;-49,062304;-23,166542;CASA DE AGRICULTURA DE Arandu;CA
3503208;ARARAQUARA;Araraquara;Regional Araraquara;-48,173392;-21,759814;CASA DE AGRICULTURA DE Araraquara;CA
3503307;ARARAS;Araras;Regional Limeira;-47,336075;-22,331681;CASA DE AGRICULTURA DE Araras;CA
3503356;ARCO-ÍRIS;Arco-Íris;Regional Tupã;-50,43623;-21,770315;CASA DE AGRICULTURA DE Arco-Íris;CA
3503406;AREALVA;Arealva;Regional Bauru;-48,996154;-22,070908;CASA DE AGRICULTURA DE Arealva;CA
3503505;AREIAS;Areias;Regional Guaratinguetá;-44,72213;-22,701841;CASA DE AGRICULTURA DE Areias;CA
3503604;AREIÓPOLIS;Areiópolis;Regional Botucatu;-48,649813;-22,61294;CASA DE AGRICULTURA DE Areiópolis;CA
3503703;ARIRANHA;Ariranha;Regional Catanduva;-48,77362;-21,173452;CASA DE AGRICULTURA DE Ariranha;CA
3503802;ARTUR NOGUEIRA;Artur Nogueira;Regional Mogi Mirim;-47,147195;-22,553112;CASA DE AGRICULTURA DE Arthur Nogueira;CA
3503950;ASPÁSIA;Aspásia;Regional Jales;-50,72502;-20,186888;CASA DE AGRICULTURA DE Aspásia;CA
3504008;ASSIS;Assis;Regional Assis;-50,438082;-22,575146;CASA DE AGRICULTURA DE Assis;CA
3504107;ATIBAIA;Atibaia;Regional Bragança Paulista;-46,571246;-23,133402;CASA DE AGRICULTURA DE Atibaia;CA
3504206;AURIFLAMA;Auriflama;Regional General Salgado;-50,578708;-20,643177;CASA DE AGRICULTURA DE Auriflama;CA
3504305;AVAÍ;Avaí;Regional Bauru;-49,313536;-22,187746;CASA DE AGRICULTURA DE Avaí;CA
3504404;AVANHANDAVA;Avanhandava;Regional Araçatuba;-49,958582;-21,464831;CASA DE AGRICULTURA DE Avanhandava;CA
3504503;AVARÉ;Avaré;Regional Avaré;-48,910249;-23,05431;CASA DE AGRICULTURA DE Avaré;CA
3504602;BADY BASSITT;Bady Bassitt;Regional São José do Rio Preto;-49,429294;-20,930372;CASA DE AGRICULTURA DE Bady Bassitt;CA
3504701;BALBINOS;Balbinos;Regional Lins;-49,330127;-21,892581;CASA DE AGRICULTURA DE Balbinos;CA
3504800;BÁLSAMO;Bálsamo;Regional São José do Rio Preto;-49,557443;-20,70062;CASA DE AGRICULTURA DE Bálsamo;CA
3504909;BANANAL;Bananal;Regional Guaratinguetá;-44,330912;-22,763651;CASA DE AGRICULTURA DE Bananal;CA
3505005;BARÃO DE ANTONINA;Barão de Antonina;Regional Avaré;-49,561584;-23,577011;CASA DE AGRICULTURA DE Barão de Antonina;CA
3505104;BARBOSA;Barbosa;Regional Araçatuba;-49,924469;-21,284765;CASA DE AGRICULTURA DE Barbosa;CA
3505203;BARIRI;Bariri;Regional Jaú;-48,734185;-22,057717;CASA DE AGRICULTURA DE Bariri;CA
3505302;BARRA BONITA;Barra Bonita;Regional Jaú;-48,546155;-22,475824;CASA DE AGRICULTURA DE Barra Bonita;CA
3505351;BARRA DO CHAPÉU;Barra do Chapéu;Regional Itapeva;-49,085777;-24,474125;CASA DE AGRICULTURA DE Barra do Chapéu;CA
3505401;BARRA DO TURVO;Barra do Turvo;Regional Registro;-48,406791;-24,903394;CASA DE AGRICULTURA DE Barra do Turvo;CA
3505500;BARRETOS;Barretos;Regional Barretos;-48,614558;-20,516047;CASA DE AGRICULTURA DE Barretos;CA
3505807;BASTOS;Bastos;Regional Tupã;-50,771543;-21,951551;CASA DE AGRICULTURA DE Bastos;CA
3505906;BATATAIS;Batatais;Regional Franca;-47,596353;-20,863177;CASA DE AGRICULTURA DE Batatais;CA
3506003;BAURU;Bauru;Regional Bauru;-49,116763;-22,227981;CASA DE AGRICULTURA DE Bauru;CA
3506102;BEBEDOURO;Bebedouro;Regional Barretos;-48,522526;-20,934;CASA DE AGRICULTURA DE Bebedouro;CA
3506201;BENTO DE ABREU;Bento de Abreu;Regional Andradina;-50,863277;-21,31977;CASA DE AGRICULTURA DE Bento de Abreu;CA
3506300;BERNARDINO DE CAMPOS;Bernardino de Campos;Regional Ourinhos;-49,490958;-23,017412;CASA DE AGRICULTURA DE Bernardino de Campos;CA
3506409;BILAC;Bilac;Regional Araçatuba;-50,478797;-21,416704;CASA DE AGRICULTURA DE Bilac;CA
3506508;BIRIGUI;BirigÜi;Regional Araçatuba;-50,356974;-21,257944;CASA DE AGRICULTURA DE Birigui;CA
3506607;BIRITIBA-MIRIM;Biritiba-Mirim;Regional Mogi das Cruzes;-46,015839;-23,641189;CASA DE AGRICULTURA DE Biritiba Mirim;CA
3506706;BOA ESPERANÇA DO SUL;Boa Esperança do Sul;Regional Araraquara;-48,469358;-21,94875;CASA DE AGRICULTURA DE Boa Esperança do Sul;CA
3506805;BOCAINA;Bocaina;Regional Jaú;-48,523024;-22,089044;CASA DE AGRICULTURA DE Bocaina;CA
3506904;BOFETE;Bofete;Regional Botucatu;-48,305361;-23,12313;CASA DE AGRICULTURA DE Bofete;CA
3507001;BOITUVA;Boituva;Regional Sorocaba;-47,674486;-23,272535;CASA DE AGRICULTURA DE Boituva;CA
3507308;BORACÉIA;Boracéia;Regional Jaú;-48,78129;-22,170176;CASA DE AGRICULTURA DE Boracéia;CA
3507407;BORBOREMA;Borborema;Regional Jaboticabal;-49,074662;-21,602815;CASA DE AGRICULTURA DE Borborema;CA
3507506;BOTUCATU;Botucatu;Regional Botucatu;-48,399748;-22,833906;CASA DE AGRICULTURA DE Botucatu;CA
3507605;BRAGANÇA PAULISTA;Bragança Paulista;Regional Bragança Paulista;-46,564116;-22,937337;CASA DE AGRICULTURA DE Bragança Paulista;CA
3507704;BRAÚNA;Braúna;Regional Araçatuba;-50,341272;-21,550956;CASA DE AGRICULTURA DE Braúna;CA
3507753;BREJO ALEGRE;Brejo Alegre;Regional Araçatuba;-50,20804;-21,172091;CASA DE AGRICULTURA DE Brejo Alegre;CA
3507803;BRODOWSKI;Brodowski;Regional Ribeirão Preto;-47,622457;-21,041971;CASA DE AGRICULTURA DE Brodowski;CA
3507902;BROTAS;Brotas;Regional Jaú;-48,108428;-22,288738;CASA DE AGRICULTURA DE Brotas;CA
3508009;BURI;Buri;Regional Itapeva;-48,562962;-23,743882;CASA DE AGRICULTURA DE Buri;CA
3508108;BURITAMA;Buritama;Regional General Salgado;-50,201893;-21,055171;CASA DE AGRICULTURA DE Buritama;CA
3508207;BURITIZAL;Buritizal;Regional Orlândia;-47,717632;-20,205116;CASA DE AGRICULTURA DE Buritizal;CA
3508306;CABRÁLIA PAULISTA;Cabrália Paulista;Regional Bauru;-49,390548;-22,467357;CASA DE AGRICULTURA DE Cabrália Paulista;CA
3508405;CABREÚVA;Cabreúva;Regional Sorocaba;-47,080221;-23,313831;CASA DE AGRICULTURA DE Cabreúva;CA
3508504;CAÇAPAVA;Caçapava;Regional Pindamonhangaba;-45,716542;-23,121624;CASA DE AGRICULTURA DE Caçapava;CA
3508603;CACHOEIRA PAULISTA;Cachoeira Paulista;Regional Guaratinguetá;-45,006823;-22,722844;CASA DE AGRICULTURA DE Cachoeira Paulista;CA
3508702;CACONDE;Caconde;Regional São João da Boa Vista;-46,5189;-21,510815;CASA DE AGRICULTURA DE Caconde;CA
3508801;CAFELÂNDIA;Cafelândia;Regional Lins;-49,559249;-21,728428;CASA DE AGRICULTURA DE Cafelândia;CA
3508900;CAIABU;Caiabu;Regional Presidente Prudente;-51,226484;-21,964755;CASA DE AGRICULTURA DE Caiabu;CA
3509106;CAIUÁ;Caiuá;Regional PresidenteVenceslau;-51,997449;-21,818448;CASA DE AGRICULTURA DE Caiuá;CA
3509254;CAJATI;Cajati;Regional Registro;-48,18645;-24,805103;CASA DE AGRICULTURA DE Cajati;CA
3509304;CAJOBI;Cajobi;Regional Barretos;-48,84189;-20,872417;CASA DE AGRICULTURA DE Cajobi;CA
3509403;CAJURU;Cajuru;Regional Ribeirão Preto;-47,332595;-21,279782;CASA DE AGRICULTURA DE Cajuru;CA
3509452;CAMPINA DO MONTE ALEGRE;Campina do Monte alegre;Regional Itapetininga;-48,448477;-23,622378;CASA DE AGRICULTURA DE Campina do Monte Alegre;CA
3509502;CAMPINAS;Campinas;Regional Campinas;-47,033004;-22,885107;CASA DE AGRICULTURA DE Campinas;CA
3509809;CAMPOS NOVOS PAULISTA;Campos Novos Paulista;Regional Assis;-50,015645;-22,632397;CASA DE AGRICULTURA DE Campos Novos Paulista;CA
3509908;CANANÉIA;Cananéia;Regional Registro;-47,984009;-25,066788;CASA DE AGRICULTURA DE Cananéia;CA
3510005;CÂNDIDO MOTA;Cândido Mota;Regional Assis;-50,419924;-22,801172;CASA DE AGRICULTURA DE Cândido Mota;CA
3510104;CÂNDIDO RODRIGUES;Cândido Rodrigues;Regional Jaboticabal;-48,626263;-21,334481;CASA DE AGRICULTURA DE Cândido Rodrigues;CA
3510203;CAPÃO BONITO;Capão Bonito;Regional Itapetininga;-48,26821;-24,062897;CASA DE AGRICULTURA DE Capão Bonito;CA
3510302;CAPELA DO ALTO;Capela do Alto;Regional Sorocaba;-47,725683;-23,468032;CASA DE AGRICULTURA DE Capela do Alto;CA
3510401;CAPIVARI;Capivari;Regional Piracicaba;-47,500422;-22,976525;CASA DE AGRICULTURA DE Capivari;CA
3510500;CARAGUATATUBA;Caraguatatuba;Regional Pindamonhangaba;-45,489319;-23,645906;CASA DE AGRICULTURA DE Caraguatatuba;CA
3510708;CARDOSO;Cardoso;Regional Votuporanga;-49,958564;-20,061094;CASA DE AGRICULTURA DE Cardoso;CA
3510807;CASA BRANCA;Casa Branca;Regional São João da Boa Vista;-47,099457;-21,787016;CASA DE AGRICULTURA DE Casa Branca;CA
3510906;CÁSSIA DOS COQUEIROS;Cássia dos Coqueiros;Regional Ribeirão Preto;-47,141128;-21,266034;CASA DE AGRICULTURA DE Cássia dos Coqueiros;CA
3511003;CASTILHO;Castilho;Regional Andradina;-51,594896;-20,921458;CASA DE AGRICULTURA DE Castilho;CA
3511102;CATANDUVA;Catanduva;Regional Catanduva;-48,948116;-21,121956;CASA DE AGRICULTURA DE Catanduva;CA
3511201;CATIGUÁ;Catiguá;Regional Catanduva;-49,044673;-21,063903;CASA DE AGRICULTURA DE Catiguá;CA
3511300;CEDRAL;Cedral;Regional São José do Rio Preto;-49,253123;-20,912049;CASA DE AGRICULTURA DE Cedral;CA
3511409;CERQUEIRA CÉSAR;Cerqueira César;Regional Avaré;-49,117173;-23,062868;CASA DE AGRICULTURA DE Cerqueira César;CA
3511508;CERQUILHO;Cerquilho;Regional Piracicaba;-47,748261;-23,179223;CASA DE AGRICULTURA DE Cerquilho;CA
3511607;CESÁRIO LANGE;Cesário Lange;Regional Itapetininga;-47,906606;-23,205855;CASA DE AGRICULTURA DE Cesário Lange;CA
3511706;CHARQUEADA;Charqueada;Regional Piracicaba;-47,753765;-22,518574;CASA DE AGRICULTURA DE Charqueada;CA
3557204;CHAVANTES;Chavantes;Regional Ourinhos;-49,747309;-23,039582;CASA DE AGRICULTURA DE Chavantes;CA
3511904;CLEMENTINA;Clementina;Regional Araçatuba;-50,470372;-21,572604;CASA DE AGRICULTURA DE Clementina;CA
3512001;COLINA;Colina;Regional Barretos;-48,589922;-20,727846;CASA DE AGRICULTURA DE Colina;CA
3512100;COLÔMBIA;Colômbia;Regional Barretos;-48,693278;-20,27092;CASA DE AGRICULTURA DE Colômbia;CA
3512209;CONCHAL;Conchal;Regional Mogi Mirim;-47,152627;-22,380256;CASA DE AGRICULTURA DE Conchal;CA
3512308;CONCHAS;Conchas;Regional Botucatu;-48,045931;-22,956304;CASA DE AGRICULTURA DE Conchas;CA
3512407;CORDEIRÓPOLIS;Cordeirópolis;Regional Limeira;-47,405037;-22,475084;CASA DE AGRICULTURA DE Cordeirópolis;CA
3512506;COROADOS;Coroados;Regional Araçatuba;-50,300893;-21,310407;CASA DE AGRICULTURA DE Coroados;CA
3512605;CORONEL MACEDO;Coronel Macedo;Regional Avaré;-49,303452;-23,632237;CASA DE AGRICULTURA DE Coronel Macedo;CA
3512704;CORUMBATAÍ;Corumbataí;Regional Limeira;-47,603885;-22,241868;CASA DE AGRICULTURA DE Corumbataí;CA
3512803;COSMÓPOLIS;Cosmópolis;Regional Mogi Mirim;-47,195043;-22,648612;CASA DE AGRICULTURA DE Cosmópolis;CA
3512902;COSMORAMA;Cosmorama;Regional Votuporanga;-49,770671;-20,421336;CASA DE AGRICULTURA DE Cosmorama;CA
3513108;CRAVINHOS;Cravinhos;Regional Ribeirão Preto;-47,765759;-21,316114;CASA DE AGRICULTURA DE Cravinhos;CA
3513207;CRISTAIS PAULISTA;Cristais Paulista;Regional Franca;-47,402534;-20,365682;CASA DE AGRICULTURA DE Cristais Paulista;CA
3513306;CRUZÁLIA;Cruzália;Regional Assis;-50,763489;-22,73176;CASA DE AGRICULTURA DE Cruzália;CA
3513405;CRUZEIRO;Cruzeiro;Regional Guaratinguetá;-45,009871;-22,58472;CASA DE AGRICULTURA DE Cruzeiro;CA
3513603;CUNHA;Cunha;Regional Guaratinguetá;-44,892839;-23,080124;CASA DE AGRICULTURA DE Cunha;CA
3513702;DESCALVADO;Descalvado;Regional Araraquara;-47,651036;-21,878994;CASA DE AGRICULTURA DE Descalvado;CA
3513850;DIRCE REIS;Dirce Reis;Regional Jales;-50,621348;-20,456918;CASA DE AGRICULTURA DE Dirce Reis;CA
3513900;DIVINOLÂNDIA;Divinolândia;Regional São João da Boa Vista;-46,707515;-21,669758;CASA DE AGRICULTURA DE Divinolândia;CA
3514106;DOIS CÓRREGOS;Dois Córregos;Regional Jaú;-48,364195;-22,39992;CASA DE AGRICULTURA DE Dois Córregos;CA
3514205;DOLCINÓPOLIS;Dolcinópolis;Regional Jales;-50,533987;-20,111557;CASA DE AGRICULTURA DE Dolcinópolis;CA
3514304;DOURADO;Dourado;Regional Araraquara;-48,349337;-22,119005;CASA DE AGRICULTURA DE Dourado;CA
3514403;DRACENA;Dracena;Regional Dracena;-51,594477;-21,582267;CASA DE AGRICULTURA DE Dracena;CA
3514502;DUARTINA;Duartina;Regional Bauru;-49,405393;-22,393288;CASA DE AGRICULTURA DE Duartina;CA
3514601;DUMONT;Dumont;Regional Ribeirão Preto;-47,972432;-21,245191;CASA DE AGRICULTURA DE Dumont;CA
3514700;ECHAPORÃ;Echaporã;Regional Assis;-50,21337;-22,413736;CASA DE AGRICULTURA DE Echaporã;CA
3514809;ELDORADO;Eldorado;Regional Registro;-48,228915;-24,519825;CASA DE AGRICULTURA DE Eldorado;CA
3514908;ELIAS FAUSTO;Elias Fausto;Regional Campinas;-47,368647;-23,062587;CASA DE AGRICULTURA DE Elias Fausto;CA
3514924;ELISIÁRIO;Elisiário;Regional Catanduva;-49,080095;-21,143509;CASA DE AGRICULTURA DE Elisiário;CA
3514957;EMBAÚBA;Embaúba;Regional Barretos;-48,845213;-20,947935;CASA DE AGRICULTURA DE Embaúba;CA
3515129;EMILIANÓPOLIS;Emilianópolis;Regional Presidente Prudente;-51,475302;-21,814633;CASA DE AGRICULTURA DE Emilianópolis;CA
3515152;ENGENHEIRO COELHO;Engenheiro Coelho;Regional Mogi Mirim;-47,177694;-22,474903;CASA DE AGRICULTURA DE Engenheiro Coelho;CA
3515186;ESPÍRITO SANTO DO PINHAL;Espírito Santo do Pinhal;Regional São João da Boa Vista;-46,682101;-22,177189;CASA DE AGRICULTURA DE Espírito Santo do Pinhal;CA
3557303;ESTIVA GERBI;Estiva Gerbi;Regional Mogi Mirim;-46,947921;-22,237774;CASA DE AGRICULTURA DE Estiva Gerbi;CA
3515301;ESTRELA DO NORTE;Estrela do Norte;Regional Presidente Prudente;-51,681506;-22,494927;CASA DE AGRICULTURA DE Estrela do Norte;CA
3515202;ESTRELA D'OESTE;Estrela D'Oeste;Regional Fernandópolis;-50,400939;-20,260138;CASA DE AGRICULTURA DE Estrela d'Oeste;CA
3515350;EUCLIDES DA CUNHA PAULISTA;Euclídes da Cunha Paulista;Regional PresidenteVenceslau;-52,594715;-22,541836;CASA DE AGRICULTURA DE Euclides da Cunha Paulista;CA
3515400;FARTURA;Fartura;Regional Ourinhos;-49,513815;-23,398502;CASA DE AGRICULTURA DE Fartura;CA
3515608;FERNANDO PRESTES;Fernando Prestes;Regional Jaboticabal;-48,683003;-21,31783;CASA DE AGRICULTURA DE Fernando Prestes;CA
3515509;FERNANDÓPOLIS;Fernandópolis;Regional Fernandópolis;-50,259365;-20,285212;CASA DE AGRICULTURA DE Fernandópolis;CA
3515657;FERNÃO;Fernão;Regional Marília;-49,539884;-22,375338;CASA DE AGRICULTURA DE Fernão;CA
3515806;FLORA RICA;Flora Rica;Regional Dracena;-51,3804;-21,724626;CASA DE AGRICULTURA DE Flora Rica;CA
3515905;FLOREAL;Floreal;Regional General Salgado;-50,167788;-20,644112;CASA DE AGRICULTURA DE Floreal;CA
3516002;FLÓRIDA PAULISTA;Flórida Paulista;Regional Dracena;-51,171596;-21,570717;CASA DE AGRICULTURA DE Flórida Paulista;CA
3516101;FLORÍNIA;Florínea;Regional Assis;-50,684688;-22,869191;CASA DE AGRICULTURA DE Florínea;CA
3516200;FRANCA;Franca;Regional Franca;-47,350896;-20,59606;CASA DE AGRICULTURA DE Franca;CA
3516408;FRANCO DA ROCHA;Franco da Rocha;Regional São Paulo;-46,740144;-23,318501;CASA DE AGRICULTURA DE Franco da Rocha;CA
3516507;GABRIEL MONTEIRO;Gabriel Monteiro;Regional Araçatuba;-50,577828;-21,509359;CASA DE AGRICULTURA DE Gabriel Monteiro;CA
3516606;GÁLIA;Gália;Regional Marília;-49,576663;-22,319109;CASA DE AGRICULTURA DE Gália;CA
3516705;GARÇA;Garça;Regional Marília;-49,695074;-22,229476;CASA DE AGRICULTURA DE Garça;CA
3516804;GASTÃO VIDIGAL;Gastão Vidigal;Regional General Salgado;-50,199371;-20,800448;CASA DE AGRICULTURA DE Gastão Vidigal;CA
3516853;GAVIÃO PEIXOTO;Gavião Peixoto;Regional Araraquara;-48,46734;-21,781699;CASA DE AGRICULTURA DE Gavião Peixoto;CA
3516903;GENERAL SALGADO;General Salgado;Regional General Salgado;-50,416034;-20,6438;CASA DE AGRICULTURA DE General Salgado;CA
3517000;GETULINA;Getulina;Regional Lins;-50,063539;-21,808968;CASA DE AGRICULTURA DE Getulina;CA
3517109;GLICÉRIO;Glicério;Regional Araçatuba;-50,215643;-21,309359;CASA DE AGRICULTURA DE Glicério;CA
3517208;GUAIÇARA;Guaiçara;Regional Lins;-49,732069;-21,538567;CASA DE AGRICULTURA DE Guaiçara;CA
3517307;GUAIMBÊ;GUAIMBÊ;Regional Lins;-49,873345;-21,861248;CASA DE AGRICULTURA DE Guaimbê;CA
3517406;GUAÍRA;Guaíra;Regional Barretos;-48,387311;-20,330793;CASA DE AGRICULTURA DE Guaíra;CA
3517505;GUAPIAÇU;Guapiaçu;Regional São José do Rio Preto;-49,186386;-20,719398;CASA DE AGRICULTURA DE Guapiaçu;CA
3517604;GUAPIARA;Guapiara;Regional Itapeva;-48,534845;-24,224728;CASA DE AGRICULTURA DE Guapiara;CA
3517703;GUARÁ;Guará;Regional Orlândia;-47,77759;-20,492147;CASA DE AGRICULTURA DE Guará;CA
3517802;GUARAÇAÍ;Guaraçaí;Regional Andradina;-51,300507;-21,089632;CASA DE AGRICULTURA DE Guaraçaí;CA
3517901;GUARACI;Guaraci;Regional Barretos;-48,977492;-20,366831;CASA DE AGRICULTURA DE Guaraci;CA
3518008;GUARANI D'OESTE;Guarani D´Oeste;Regional Fernandópolis;-50,348074;-20,065111;CASA DE AGRICULTURA DE Guarani d'Oeste;CA
3518107;GUARANTÃ;Guarantã;Regional Lins;-49,576841;-21,90997;CASA DE AGRICULTURA DE Guarantã;CA
3518206;GUARARAPES;Guararapes;Regional Araçatuba;-50,627916;-21,285151;CASA DE AGRICULTURA DE Guararapes;CA
3518305;GUARAREMA;Guararema;Regional Mogi das Cruzes;-46,058276;-23,441373;CASA DE AGRICULTURA DE Guararema;CA
3518404;GUARATINGUETÁ;Guaratinguetá;Regional Guaratinguetá;-45,228701;-22,833054;CASA DE AGRICULTURA DE Guaratinguetá;CA
3518503;GUAREÍ;Guareí;Regional Itapetininga;-48,214746;-23,368595;CASA DE AGRICULTURA DE Guareí;CA
3518859;GUATAPARÁ;Guatapará;Regional Ribeirão Preto;-47,999389;-21,449478;CASA DE AGRICULTURA DE Guatapará;CA
3518909;GUZOLÂNDIA;Guzolândia;Regional General Salgado;-50,707196;-20,628613;CASA DE AGRICULTURA DE Guzolândia;CA
3519006;HERCULÂNDIA;Herculândia;Regional Tupã;-50,39573;-21,942208;CASA DE AGRICULTURA DE Herculândia;CA
3519055;HOLAMBRA;Holambra;Regional Mogi Mirim;-47,07452;-22,628055;CASA DE AGRICULTURA DE Holambra;CA
3519105;IACANGA;Iacanga;Regional Bauru;-49,024501;-21,89293;CASA DE AGRICULTURA DE Iacanga;CA
3519204;IACRI;Iacri;Regional Tupã;-50,637956;-21,799531;CASA DE AGRICULTURA DE Iacri;CA
3519253;IARAS;Iaras;Regional Avaré;-49,092871;-22,803244;CASA DE AGRICULTURA DE Iaras;CA
3519303;IBATÉ;Ibaté;Regional Araraquara;-48,04669;-21,940389;CASA DE AGRICULTURA DE Ibaté;CA
3519402;IBIRÁ;Ibirá;Regional Catanduva;-49,209419;-21,064851;CASA DE AGRICULTURA DE Ibirá;CA
3519501;IBIRAREMA;Ibirarema;Regional Assis;-50,071104;-22,804864;CASA DE AGRICULTURA DE Ibirarema;CA
3519600;IBITINGA;Ibitinga;Regional Jaboticabal;-48,858206;-21,788907;CASA DE AGRICULTURA DE Ibitinga;CA
3519709;IBIÚNA;Ibiúna;Regional Sorocaba;-47,195017;-23,818347;CASA DE AGRICULTURA DE Ibiúna;CA
3519808;ICÉM;Icém;Regional São José do Rio Preto;-49,189612;-20,359865;CASA DE AGRICULTURA DE Icém;CA
3519907;IEPÊ;Iepê;Regional Presidente Prudente;-51,078672;-22,639257;CASA DE AGRICULTURA DE Iepê;CA
3520004;IGARAÇU DO TIETÊ;Igaraçu do Tietê;Regional Jaú;-48,575237;-22,541692;CASA DE AGRICULTURA DE Igaraçu do Tietê;CA
3520103;IGARAPAVA;Igarapava;Regional Orlândia;-47,694763;-20,068266;CASA DE AGRICULTURA DE Igarapava;CA
3520202;IGARATÁ;Igaratá;Regional Pindamonhangaba;-46,164374;-23,132148;CASA DE AGRICULTURA DE Igaratá;CA
3520301;IGUAPE;Iguape;Regional Registro;-47,463553;-24,609921;CASA DE AGRICULTURA DE Iguape;CA
3520442;ILHA SOLTEIRA;Ilha Solteira;Regional Andradina;-51,205583;-20,493339;CASA DE AGRICULTURA DE Ilha Solteira;CA
3520509;INDAIATUBA;Indaiatuba;Regional Campinas;-47,188611;-23,105057;CASA DE AGRICULTURA DE Indaiatuba;CA
3520608;INDIANA;Indiana;Regional Presidente Prudente;-51,264877;-22,149209;CASA DE AGRICULTURA DE Indiana;CA
3520707;INDIAPORÃ;Indiaporã;Regional Fernandópolis;-50,261832;-19,959143;CASA DE AGRICULTURA DE Indiaporã;CA
3520905;IPAUSSU;Ipaussu;Regional Ourinhos;-49,614036;-23,057035;CASA DE AGRICULTURA DE Ipaussu;CA
3521002;IPERÓ;Iperó;Regional Sorocaba;-47,634731;-23,395502;CASA DE AGRICULTURA DE Iperó;CA
3521101;IPEÚNA;Ipeúna;Regional Limeira;-47,724069;-22,433979;CASA DE AGRICULTURA DE Ipeúna;CA
3521150;IPIGUÁ;Ipiguá;Regional São José do Rio Preto;-49,410525;-20,625536;CASA DE AGRICULTURA DE Ipiguá;CA
3521200;IPORANGA;Iporanga;Regional Registro;-48,58008;-24,516413;CASA DE AGRICULTURA DE Iporanga;CA
3521309;IPUÃ;Ipuã;Regional Orlândia;-48,05953;-20,404225;CASA DE AGRICULTURA DE Ipuã;CA
3521408;IRACEMÁPOLIS;Iracemápolis;Regional Limeira;-47,533644;-22,613678;CASA DE AGRICULTURA DE Iracemápolis;CA
3521507;IRAPUÃ;Irapuã;Regional Catanduva;-49,39705;-21,261966;CASA DE AGRICULTURA DE Irapuã;CA
3521606;IRAPURU;Irapuru;Regional Dracena;-51,350208;-21,491563;CASA DE AGRICULTURA DE Irapuru;CA
3521705;ITABERÁ;Itaberá;Regional Itapeva;-49,142934;-23,907321;CASA DE AGRICULTURA DE Itaberá;CA
3521804;ITAÍ;Itaí;Regional Avaré;-49,020473;-23,481204;CASA DE AGRICULTURA DE Itaí;CA
3521903;ITAJOBI;Itajobi;Regional Catanduva;-49,063121;-21,360066;CASA DE AGRICULTURA DE Itajobi;CA
3522000;ITAJU;Itaju;Regional Jaú;-48,79597;-21,949623;CASA DE AGRICULTURA DE Itaju;CA
3522158;ITAÓCA;Itaóca;Regional Itapeva;-48,828949;-24,637347;CASA DE AGRICULTURA DE Itaoca;CA
3522208;ITAPECERICA DA SERRA;Itapecerica da Serra;Regional São Paulo;-46,86021;-23,749225;CASA DE AGRICULTURA DE Itapecerica da Serra;CA
3522307;ITAPETININGA;Itapetininga;Regional Itapetininga;-48,107426;-23,636901;CASA DE AGRICULTURA DE Itapetininga;CA
3522406;ITAPEVA;Itapeva;Regional Itapeva;-48,86684;-23,9039;CASA DE AGRICULTURA DE Itapeva;CA
3522604;ITAPIRA;Itapira;Regional Mogi Mirim;-46,757939;-22,432387;CASA DE AGRICULTURA DE Itapira;CA
3522653;ITAPIRAPUÃ PAULISTA;Itapirapuã Paulista;Regional Itapeva;-49,217315;-24,578469;CASA DE AGRICULTURA DE Itapirapuã Paulista;CA
3522703;ITÁPOLIS;Itápolis;Regional Jaboticabal;-48,784395;-21,536499;CASA DE AGRICULTURA DE Itápolis;CA
3522802;ITAPORANGA;Itaporanga;Regional Avaré;-49,442357;-23,659891;CASA DE AGRICULTURA DE Itaporanga;CA
3522901;ITAPUÍ;Itapuí;Regional Jaú;-48,70384;-22,248682;CASA DE AGRICULTURA DE Itapuí;CA
3523008;ITAPURA;Itapura;Regional Andradina;-51,474361;-20,588992;CASA DE AGRICULTURA DE Itapura;CA
3523206;ITARARÉ;Itararé;Regional Itapeva;-49,318776;-24,118538;CASA DE AGRICULTURA DE Itararé;CA
3523305;ITARIRI;Itariri;Regional Registro;-47,137047;-24,29815;CASA DE AGRICULTURA DE Itariri;CA
3523404;ITATIBA;Itatiba;Regional Campinas;-46,807495;-23,016092;CASA DE AGRICULTURA DE Itatiba;CA
3523503;ITATINGA;Itatinga;Regional Botucatu;-48,599105;-23,135674;CASA DE AGRICULTURA DE Itatinga;CA
3523602;ITIRAPINA;Itirapina;Regional Limeira;-47,837691;-22,2867;CASA DE AGRICULTURA DE Itirapina;CA
3523701;ITIRAPUÃ;Itirapuã;Regional Franca;-47,179323;-20,647543;CASA DE AGRICULTURA DE Itirapuã;CA
3523800;ITOBI;Itobi;Regional São João da Boa Vista;-46,926417;-21,756847;CASA DE AGRICULTURA DE Itobi;CA
3523909;ITU;Itu;Regional Sorocaba;-47,273179;-23,288788;CASA DE AGRICULTURA DE Itu;CA
3524006;ITUPEVA;Itupeva;Regional Campinas;-47,07146;-23,142849;CASA DE AGRICULTURA DE Itupeva;CA
3524105;ITUVERAVA;Ituverava;Regional Orlândia;-47,82886;-20,317601;CASA DE AGRICULTURA DE Ituverava;CA
3524204;JABORANDI;Jaborandi;Regional Barretos;-48,418757;-20,654705;CASA DE AGRICULTURA DE Jaborandi;CA
3524303;JABOTICABAL;Jaboticabal;Regional Jaboticabal;-48,289016;-21,212269;CASA DE AGRICULTURA DE Jaboticabal;CA
3524402;JACAREÍ;Jacareí;Regional Pindamonhangaba;-45,96506;-23,30745;CASA DE AGRICULTURA DE Jacareí;CA
3524501;JACI;Jaci;Regional São José do Rio Preto;-49,584225;-20,938044;CASA DE AGRICULTURA DE Jaci;CA
3524600;JACUPIRANGA;Jacupiranga;Regional Registro;-48,065481;-24,802321;CASA DE AGRICULTURA DE Jacupiranga;CA
3524709;JAGUARIÚNA;Jaguariúna;Regional Mogi Mirim;-47,021334;-22,689771;CASA DE AGRICULTURA DE Jaguariúna;CA
3524808;JALES;Jales;Regional Jales;-50,553669;-20,269877;CASA DE AGRICULTURA DE Jales;CA
3524907;JAMBEIRO;Jambeiro;Regional Pindamonhangaba;-45,712635;-23,293232;CASA DE AGRICULTURA DE Jambeiro;CA
3525102;JARDINÓPOLIS;Jardinópolis;Regional Ribeirão Preto;-47,839372;-20,998696;CASA DE AGRICULTURA DE Jardinópolis;CA
3525201;JARINU;Jarinu;Regional Campinas;-46,730818;-23,099546;CASA DE AGRICULTURA DE Jarinu;CA
3525300;JAÚ;Jaú;Regional Jaú;-48,537574;-22,298576;CASA DE AGRICULTURA DE Jaú;CA
3525409;JERIQUARA;Jeriquara;Regional Franca;-47,568275;-20,341034;CASA DE AGRICULTURA DE Jeriquara;CA
3525508;JOANÓPOLIS;Joanópolis;Regional Bragança Paulista;-46,348515;-22,907133;CASA DE AGRICULTURA DE Joanópolis;CA
3525607;JOÃO RAMALHO;João Ramalho;Regional Presidente Prudente;-50,822236;-22,240589;CASA DE AGRICULTURA DE João Ramalho;CA
3525706;JOSÉ BONIFÁCIO;José Bonifácio;Regional São José do Rio Preto;-49,773977;-21,100535;CASA DE AGRICULTURA DE José Bonifácio;CA
3525805;JÚLIO MESQUITA;Júlio Mesquita;Regional Lins;-49,812343;-21,970126;CASA DE AGRICULTURA DE Júlio Mesquita;CA
3525854;JUMIRIM;Jumirim;Regional Piracicaba;-47,793397;-23,083134;CASA DE AGRICULTURA DE Jumirim;CA
3525904;JUNDIAÍ;Jundiaí;Regional Campinas;-46,914069;-23,205025;CASA DE AGRICULTURA DE Jundiaí;CA
3526001;JUNQUEIRÓPOLIS;Junqueirópolis;Regional Dracena;-51,427157;-21,488169;CASA DE AGRICULTURA DE Junqueirópolis;CA
3526100;JUQUIÁ;Juquiá;Regional Registro;-47,633289;-24,222617;CASA DE AGRICULTURA DE Juquiá;CA
3526209;JUQUITIBA;Juquitiba;Regional Registro;-47,009274;-23,967828;CASA DE AGRICULTURA DE Juquitiba;CA
3526308;LAGOINHA;Lagoinha;Regional Guaratinguetá;-45,237755;-23,113051;CASA DE AGRICULTURA DE Lagoinha;CA
3526407;LARANJAL PAULISTA;Laranjal Paulista;Regional Botucatu;-47,846072;-23,002663;CASA DE AGRICULTURA DE Laranjal Paulista;CA
3526506;LAVÍNIA;Lavínia;Regional Andradina;-51,036394;-21,161224;CASA DE AGRICULTURA DE Lavínia;CA
3526704;LEME;Leme;Regional Limeira;-47,343467;-22,174292;CASA DE AGRICULTURA DE Leme;CA
3526803;LENÇÓIS PAULISTA;Lençóis Paulista;Regional Jaú;-48,806589;-22,658135;CASA DE AGRICULTURA DE Lençóis Paulista;CA
3526902;LIMEIRA;Limeira;Regional Limeira;-47,371251;-22,587137;CASA DE AGRICULTURA DE Limeira;CA
3527009;LINDÓIA;Lindóia;Regional Bragança Paulista;-46,663874;-22,504482;CASA DE AGRICULTURA DE Lindóia;CA
3527108;LINS;Lins;Regional Lins;-49,696825;-21,644423;CASA DE AGRICULTURA DE Lins;CA
3527207;LORENA;Lorena;Regional Guaratinguetá;-45,054148;-22,789918;CASA DE AGRICULTURA DE Lorena;CA
3527256;LOURDES;Lourdes;Regional General Salgado;-50,235165;-20,943902;CASA DE AGRICULTURA DE Lourdes;CA
3527306;LOUVEIRA;Louveira;Regional Campinas;-46,933397;-23,084925;CASA DE AGRICULTURA DE Louveira;CA
3527405;LUCÉLIA;Lucélia;Regional Tupã;-51,024622;-21,672208;CASA DE AGRICULTURA DE Lucélia;CA
3527504;LUCIANÓPOLIS;Lucianópolis;Regional Bauru;-49,552673;-22,473211;CASA DE AGRICULTURA DE Lucianópolis;CA
3527603;LUÍS ANTÔNIO;Luiz Antônio;Regional Ribeirão Preto;-47,782949;-21,545095;CASA DE AGRICULTURA DE Luís Antônio;CA
3527702;LUIZIÂNIA;Luiziânia;Regional Araçatuba;-50,357419;-21,670924;CASA DE AGRICULTURA DE Luiziânia;CA
3527801;LUPÉRCIO;Lupércio;Regional Marília;-49,812607;-22,432477;CASA DE AGRICULTURA DE Lupércio;CA
3527900;LUTÉCIA;Lutécia;Regional Assis;-50,365255;-22,317037;CASA DE AGRICULTURA DE Lutécia;CA
3528007;MACATUBA;Macatuba;Regional Jaú;-48,722122;-22,457164;CASA DE AGRICULTURA DE Macatuba;CA
3528106;MACAUBAL;Macaubal;Regional General Salgado;-49,978311;-20,846477;CASA DE AGRICULTURA DE Macaubal;CA
3528205;MACEDÔNIA;Macedônia;Regional Fernandópolis;-50,165276;-20,096193;CASA DE AGRICULTURA DE Macedônia;CA
3528304;MAGDA;Magda;Regional General Salgado;-50,215877;-20,610964;CASA DE AGRICULTURA DE Magda;CA
3528502;MAIRIPORÃ;Mairiporã;Regional São Paulo;-46,548147;-23,335545;CASA DE AGRICULTURA DE Mairiporã;CA
3528601;MANDURI;Manduri;Regional Avaré;-49,307236;-23,039176;CASA DE AGRICULTURA DE Manduri;CA
3528700;MARABÁ PAULISTA;Marabá Paulista;Regional PresidenteVenceslau;-52,074689;-22,147662;CASA DE AGRICULTURA DE Marabá Paulista;CA
3528809;MARACAÍ;Maracaí;Regional Assis;-50,75024;-22,657135;CASA DE AGRICULTURA DE Maracaí;CA
3528858;MARAPOAMA;Marapoama;Regional Catanduva;-49,138727;-21,244689;CASA DE AGRICULTURA DE Marapoama;CA
3528908;MARIÁPOLIS;Mariápolis;Regional Dracena;-51,17236;-21,796328;CASA DE AGRICULTURA DE Mariápolis;CA
3529005;MARÍLIA;Marília;Regional Marília;-49,966675;-22,185099;CASA DE AGRICULTURA DE Marília;CA
3529104;MARINÓPOLIS;Marinópolis;Regional Jales;-50,832637;-20,485909;CASA DE AGRICULTURA DE Marinópolis;CA
3529203;MARTINÓPOLIS;Martinópolis;Regional Presidente Prudente;-51,111193;-22,218193;CASA DE AGRICULTURA DE Martinópolis;CA
3529302;MATÃO;Matão;Regional Araraquara;-48,444287;-21,621334;CASA DE AGRICULTURA DE Matão;CA
3529500;MENDONÇA;Mendonça;Regional São José do Rio Preto;-49,567152;-21,191826;CASA DE AGRICULTURA DE Mendonça;CA
3529609;MERIDIANO;Meridiano;Regional Fernandópolis;-50,189895;-20,399343;CASA DE AGRICULTURA DE Meridiano;CA
3529658;MESÓPOLIS;Mesópolis;Regional Jales;-50,618242;-19,966155;CASA DE AGRICULTURA DE Mesópolis;CA
3529708;MIGUELÓPOLIS;Miguelópolis;Regional Orlândia;-48,447593;-20,123622;CASA DE AGRICULTURA DE Miguelópolis;CA
3529807;MINEIROS DO TIETÊ;Mineiros do Tietê;Regional Jaú;-48,443281;-22,464343;CASA DE AGRICULTURA DE Mineiros do Tietê;CA
3530003;MIRA ESTRELA;Mira Estrela;Regional Fernandópolis;-50,176343;-19,875982;CASA DE AGRICULTURA DE Mira Estrela;CA
3529906;MIRACATU;Miracatu;Regional Registro;-47,370443;-24,209977;CASA DE AGRICULTURA DE Miracatu;CA
3530102;MIRANDÓPOLIS;Mirandópolis;Regional Andradina;-51,112979;-21,104608;CASA DE AGRICULTURA DE Mirandópolis;CA
3530201;MIRANTE DO PARANAPANEMA;Mirante do Paranapanema;Regional PresidenteVenceslau;-51,985121;-22,370816;CASA DE AGRICULTURA DE Mirante do Paranapanema;CA
3530300;MIRASSOL;Mirassol;Regional São José do Rio Preto;-49,507463;-20,824483;CASA DE AGRICULTURA DE Mirassol;CA
3530409;MIRASSOLÂNDIA;Mirassolândia;Regional São José do Rio Preto;-49,487098;-20,594345;CASA DE AGRICULTURA DE Mirassolândia;CA
3530508;MOCOCA;Mococa;Regional São João da Boa Vista;-47,010076;-21,445977;CASA DE AGRICULTURA DE Mococa;CA
3530607;MOGI DAS CRUZES;Mogi das Cruzes;Regional Mogi das Cruzes;-46,187727;-23,568176;CASA DE AGRICULTURA DE Mogi das Cruzes;CA
3530706;MOGI GUAÇU;Mogi-Guaçu;Regional Mogi Mirim;-47,021111;-22,228699;CASA DE AGRICULTURA DE Mogi Guaçu;CA
3530805;MOGI MIRIM;Mogi-Mirim;Regional Mogi Mirim;-47,002891;-22,43488;CASA DE AGRICULTURA DE Mogi Mirim;CA
3530904;MOMBUCA;Mombuca;Regional Piracicaba;-47,616829;-22,926263;CASA DE AGRICULTURA DE Mombuca;CA
3531001;MONÇÕES;Monções;Regional General Salgado;-50,091157;-20,872409;CASA DE AGRICULTURA DE Monções;CA
3531100;MONGAGUÁ;Mongaguá;Regional São Paulo;-46,669563;-24,094983;CASA DE AGRICULTURA DE Mongaguá;CA
3531209;MONTE ALEGRE DO SUL;Monte Alegre do Sul;Regional Bragança Paulista;-46,678625;-22,699268;CASA DE AGRICULTURA DE Monte Alegre do Sul;CA
3531308;MONTE ALTO;Monte Alto;Regional Jaboticabal;-48,560047;-21,257604;CASA DE AGRICULTURA DE Monte Alto;CA
3531407;MONTE APRAZÍVEL;Monte Aprazível;Regional São José do Rio Preto;-49,693769;-20,726772;CASA DE AGRICULTURA DE Monte Aprazível;CA
3531506;MONTE AZUL PAULISTA;Monte Azul Paulista;Regional Barretos;-48,680989;-20,907197;CASA DE AGRICULTURA DE Monte Azul Paulista;CA
3531605;MONTE CASTELO;Monte Castelo;Regional Dracena;-51,570498;-21,26495;CASA DE AGRICULTURA DE Monte Castelo;CA
3531803;MONTE MOR;Monte Mor;Regional Campinas;-47,301676;-22,931227;CASA DE AGRICULTURA DE Monte Mor;CA
3531704;MONTEIRO LOBATO;Monteiro Lobato;Regional Pindamonhangaba;-45,797776;-22,954853;CASA DE AGRICULTURA DE Monteiro Lobato;CA
3531902;MORRO AGUDO;Morro Agudo;Regional Orlândia;-48,168679;-20,686579;CASA DE AGRICULTURA DE Morro Agudo;CA
3532009;MORUNGABA;Morungaba;Regional Campinas;-46,787508;-22,88898;CASA DE AGRICULTURA DE Morungaba;CA
3532058;MOTUCA;Motuca;Regional Araraquara;-48,167871;-21,523235;CASA DE AGRICULTURA DE Motuca;CA
3532108;MURUTINGA DO SUL;Murutinga do Sul;Regional Andradina;-51,304698;-21,014569;CASA DE AGRICULTURA DE Murutinga do Sul;CA
3532157;NANTES;Nantes;Regional Presidente Prudente;-51,200734;-22,610432;CASA DE AGRICULTURA DE Nantes;CA
3532207;NARANDIBA;Narandiba;Regional Presidente Prudente;-51,538246;-22,534872;CASA DE AGRICULTURA DE Narandiba;CA
3532306;NATIVIDADE DA SERRA;Natividade da Serra;Regional Pindamonhangaba;-45,369866;-23,445449;CASA DE AGRICULTURA DE Natividade da Serra;CA
3532405;NAZARÉ PAULISTA;Nazaré Paulista;Regional Bragança Paulista;-46,378458;-23,217548;CASA DE AGRICULTURA DE Nazaré Paulista;CA
3532504;NEVES PAULISTA;Neves Paulista;Regional São José do Rio Preto;-49,646613;-20,872617;CASA DE AGRICULTURA DE Neves Paulista;CA
3532603;NHANDEARA;Nhandeara;Regional General Salgado;-50,028102;-20,670997;CASA DE AGRICULTURA DE Nhandeara;CA
3532702;NIPOÃ;Nipoã;Regional São José do Rio Preto;-49,788728;-20,897713;CASA DE AGRICULTURA DE Nipoã;CA
3532801;NOVA ALIANÇA;Nova Aliança;Regional São José do Rio Preto;-49,530078;-21,044771;CASA DE AGRICULTURA DE Nova Aliança;CA
3532827;NOVA CAMPINA;Nova Campina;Regional Itapeva;-48,96892;-24,216516;CASA DE AGRICULTURA DE Nova Campina;CA
3532843;NOVA CANAÃ PAULISTA;Nova Canaã Paulista;Regional Jales;-50,908245;-20,373501;CASA DE AGRICULTURA DE Nova Canaã Paulista;CA
3532868;NOVA CASTILHO;Nova Castilho;Regional General Salgado;-50,347221;-20,780423;CASA DE AGRICULTURA DE Nova Castilho;CA
3532900;NOVA EUROPA;Nova Europa;Regional Araraquara;-48,554957;-21,774598;CASA DE AGRICULTURA DE Nova Europa;CA
3533007;NOVA GRANADA;Nova Granada;Regional São José do Rio Preto;-49,334766;-20,449998;CASA DE AGRICULTURA DE Nova Granada;CA
3533106;NOVA GUATAPORANGA;Nova Guataporanga;Regional Dracena;-51,647411;-21,343292;CASA DE AGRICULTURA DE Nova Guataporanga;CA
3533205;NOVA INDEPENDÊNCIA;Nova Independência;Regional Andradina;-51,52234;-21,160544;CASA DE AGRICULTURA DE Nova Independência;CA
3533304;NOVA LUZITÂNIA;Nova Luzitânia;Regional General Salgado;-50,249392;-20,865234;CASA DE AGRICULTURA DE Nova Luzitânia;CA
3533403;NOVA ODESSA;Nova Odessa;Regional Piracicaba;-47,288743;-22,777703;CASA DE AGRICULTURA DE Nova Odessa;CA
3533254;NOVAIS;Novais;Regional Catanduva;-48,907817;-20,982009;CASA DE AGRICULTURA DE Novais;CA
3533502;NOVO HORIZONTE;Novo Horizonte;Regional Catanduva;-49,295324;-21,471572;CASA DE AGRICULTURA DE Novo Horizonte;CA
3533601;NUPORANGA;Nuporanga;Regional Orlândia;-47,724137;-20,70013;CASA DE AGRICULTURA DE Nuporanga;CA
3533700;OCAUÇU;Ocauçu;Regional Marília;-49,957103;-22,428002;CASA DE AGRICULTURA DE Ocauçu;CA
3533809;ÓLEO;Óleo;Regional Ourinhos;-49,370767;-22,959987;CASA DE AGRICULTURA DE Óleo;CA
3533908;OLÍMPIA;Olímpia;Regional Barretos;-48,951041;-20,70427;CASA DE AGRICULTURA DE Olímpia;CA
3534005;ONDA VERDE;Onda Verde;Regional São José do Rio Preto;-49,245786;-20,608997;CASA DE AGRICULTURA DE Onda Verde;CA
3534104;ORIENTE;Oriente;Regional Marília;-50,101538;-22,137541;CASA DE AGRICULTURA DE Oriente;CA
3534203;ORINDIÚVA;Orindiúva;Regional Votuporanga;-49,365019;-20,211704;CASA DE AGRICULTURA DE Orindiúva;CA
3534302;ORLÂNDIA;Orlândia;Regional Orlândia;-47,899911;-20,697081;CASA DE AGRICULTURA DE Orlândia;CA
3534500;OSCAR BRESSANE;Oscar Bressane;Regional Marília;-50,2548;-22,288861;CASA DE AGRICULTURA DE Oscar Bressane;CA
3534609;OSVALDO CRUZ;Osvaldo Cruz;Regional Tupã;-50,868721;-21,710544;CASA DE AGRICULTURA DE Osvaldo Cruz;CA
3534708;OURINHOS;Ourinhos;Regional Ourinhos;-49,866608;-22,950352;CASA DE AGRICULTURA DE Ourinhos;CA
3534807;OURO VERDE;Ouro Verde;Regional Dracena;-51,74706;-21,522717;CASA DE AGRICULTURA DE Ouro Verde;CA
3534757;OUROESTE;Ouroeste;Regional Fernandópolis;-50,39799;-19,923975;CASA DE AGRICULTURA DE Ouroeste;CA
3534906;PACAEMBU;Pacaembu;Regional Dracena;-51,283263;-21,514765;CASA DE AGRICULTURA DE Pacaembu;CA
3535002;PALESTINA;Palestina;Regional São José do Rio Preto;-49,505274;-20,337249;CASA DE AGRICULTURA DE Palestina;CA
3535200;PALMEIRA D'OESTE;Palmeira D´Oeste;Regional Jales;-50,747135;-20,443078;CASA DE AGRICULTURA DE Palmeira d'Oeste;CA
3535309;PALMITAL;Palmital;Regional Assis;-50,236184;-22,816793;CASA DE AGRICULTURA DE Palmital;CA
3535408;PANORAMA;Panorama;Regional Dracena;-51,861604;-21,487746;CASA DE AGRICULTURA DE Panorama;CA
3535507;PARAGUAÇU PAULISTA;Paraguaçu Paulista;Regional Assis;-50,639385;-22,470121;CASA DE AGRICULTURA DE Paraguaçu Paulista;CA
3535606;PARAIBUNA;Paraibuna;Regional Pindamonhangaba;-45,627337;-23,486182;CASA DE AGRICULTURA DE Paraibuna;CA
3535705;PARAÍSO;Paraíso;Regional Catanduva;-48,762166;-21,010741;CASA DE AGRICULTURA DE Paraíso;CA
3535804;PARANAPANEMA;Paranapanema;Regional Avaré;-48,805375;-23,449637;CASA DE AGRICULTURA DE Paranapanema;CA
3535903;PARANAPUÃ;Paranapuã;Regional Jales;-50,582623;-20,067443;CASA DE AGRICULTURA DE Paranapuã;CA
3536000;PARAPUÃ;Parapuã;Regional Tupã;-50,84612;-21,836257;CASA DE AGRICULTURA DE Parapuã;CA
3536109;PARDINHO;Pardinho;Regional Botucatu;-48,400527;-23,090063;CASA DE AGRICULTURA DE Pardinho;CA
3536208;PARIQUERA-AÇU;Pariquera-Açu;Regional Registro;-47,844298;-24,704064;CASA DE AGRICULTURA DE Pariquera-Açu;CA
3536257;PARISI;Parisi;Regional Votuporanga;-50,035807;-20,25459;CASA DE AGRICULTURA DE Parisi;CA
3536307;PATROCÍNIO PAULISTA;Patrocínio Paulista;Regional Franca;-47,29221;-20,692997;CASA DE AGRICULTURA DE Patrocínio Paulista;CA
3536406;PAULICÉIA;Paulicéia;Regional Dracena;-51,77953;-21,237523;CASA DE AGRICULTURA DE Paulicéia;CA
3536570;PAULISTÂNIA;Paulistânia;Regional Bauru;-49,301107;-22,564577;CASA DE AGRICULTURA DE Paulistânia;CA
3536604;PAULO DE FARIA;Paulo de Faria;Regional Votuporanga;-49,437399;-20,070003;CASA DE AGRICULTURA DE Paulo de Faria;CA
3536703;PEDERNEIRAS;Pederneiras;Regional Bauru;-48,878518;-22,282947;CASA DE AGRICULTURA DE Pederneiras;CA
3536802;PEDRA BELA;Pedra Bela;Regional Bragança Paulista;-46,474108;-22,705935;CASA DE AGRICULTURA DE Pedra Bela;CA
3536901;PEDRANÓPOLIS;Pedranópolis;Regional Fernandópolis;-50,123539;-20,201962;CASA DE AGRICULTURA DE Pedranópolis;CA
3537008;PEDREGULHO;Pedregulho;Regional Franca;-47,425298;-20,166923;CASA DE AGRICULTURA DE Pedregulho;CA
3537107;PEDREIRA;Pedreira;Regional Bragança Paulista;-46,901737;-22,757989;CASA DE AGRICULTURA DE Pedreira;CA
3537156;PEDRINHAS PAULISTA;Pedrinhas Paulista;Regional Assis;-50,818171;-22,818935;CASA DE AGRICULTURA DE Pedrinhas Paulista;CA
3537206;PEDRO DE TOLEDO;Pedro de Toledo;Regional Registro;-47,160509;-24,196023;CASA DE AGRICULTURA DE Pedro de Toledo;CA
3537305;PENÁPOLIS;Penápolis;Regional Araçatuba;-50,133518;-21,385762;CASA DE AGRICULTURA DE Penápolis;CA
3537404;PEREIRA BARRETO;Pereira Barreto;Regional Andradina;-51,095273;-20,692586;CASA DE AGRICULTURA DE Pereira Barreto;CA
3537503;PEREIRAS;Pereiras;Regional Botucatu;-47,979596;-23,111633;CASA DE AGRICULTURA DE Pereiras;CA
3537602;PERUÍBE;Peruíbe;Regional São Paulo;-47,008888;-24,30119;CASA DE AGRICULTURA DE Peruíbe;CA
3537701;PIACATU;Piacatu;Regional Araçatuba;-50,665445;-21,577194;CASA DE AGRICULTURA DE Piacatu;CA
3537800;PIEDADE;Piedade;Regional Sorocaba;-47,44278;-23,80763;CASA DE AGRICULTURA DE Piedade;CA
3537909;PILAR DO SUL;Pilar do Sul;Regional Sorocaba;-47,731234;-23,863946;CASA DE AGRICULTURA DE Pilar do Sul;CA
3538006;PINDAMONHANGABA;Pindamonhangaba;Regional Pindamonhangaba;-45,492104;-22,906833;CASA DE AGRICULTURA DE Pindamonhangaba;CA
3538105;PINDORAMA;Pindorama;Regional Catanduva;-48,921721;-21,193672;CASA DE AGRICULTURA DE Pindorama;CA
3538204;PINHALZINHO;Pinhalzinho;Regional Bragança Paulista;-46,577177;-22,777116;CASA DE AGRICULTURA DE Pinhalzinho;CA
3538303;PIQUEROBI;Piquerobi;Regional PresidenteVenceslau;-51,751603;-21,867041;CASA DE AGRICULTURA DE Piquerobi;CA
3538501;PIQUETE;Piquete;Regional Guaratinguetá;-45,146779;-22,539184;CASA DE AGRICULTURA DE Piquete;CA
3538600;PIRACAIA;Piracaia;Regional Bragança Paulista;-46,276005;-23,056938;CASA DE AGRICULTURA DE Piracaia;CA
3538709;PIRACICABA;Piracicaba;Regional Piracicaba;-47,795846;-22,707734;CASA DE AGRICULTURA DE Piracicaba;CA
3538808;PIRAJU;Piraju;Regional Ourinhos;-49,386871;-23,187283;CASA DE AGRICULTURA DE Piraju;CA
3538907;PIRAJUÍ;Pirajuí;Regional Lins;-49,444532;-21,898932;CASA DE AGRICULTURA DE Pirajuí;CA
3539004;PIRANGI;Pirangi;Regional Barretos;-48,667293;-21,080989;CASA DE AGRICULTURA DE Pirangi;CA
3539202;PIRAPOZINHO;Pirapozinho;Regional Presidente Prudente;-51,569929;-22,451153;CASA DE AGRICULTURA DE Pirapozinho;CA
3539301;PIRASSUNUNGA;Pirassununga;Regional Limeira;-47,415938;-21,969312;CASA DE AGRICULTURA DE Pirassununga;CA
3539400;PIRATININGA;Piratininga;Regional Bauru;-49,19616;-22,412167;CASA DE AGRICULTURA DE Piratininga;CA
3539509;PITANGUEIRAS;Pitangueiras;Regional Barretos;-48,269997;-21,000343;CASA DE AGRICULTURA DE Pitangueiras;CA
3539608;PLANALTO;Planalto;Regional General Salgado;-49,947832;-21,015552;CASA DE AGRICULTURA DE Planalto;CA
3539707;PLATINA;Platina;Regional Assis;-50,223365;-22,610485;CASA DE AGRICULTURA DE Platina;CA
3539905;POLONI;Poloni;Regional São José do Rio Preto;-49,838249;-20,741548;CASA DE AGRICULTURA DE Poloni;CA
3540002;POMPÉIA;Pompéia;Regional Marília;-50,199272;-22,031283;CASA DE AGRICULTURA DE Pompéia;CA
3540101;PONGAÍ;Pongaí;Regional Lins;-49,35485;-21,719092;CASA DE AGRICULTURA DE Pongaí;CA
3540200;PONTAL;Pontal;Regional Ribeirão Preto;-48,057326;-20,986443;CASA DE AGRICULTURA DE Pontal;CA
3540259;PONTALINDA;Pontalinda;Regional Jales;-50,524209;-20,45377;CASA DE AGRICULTURA DE Pontalinda;CA
3540309;PONTES GESTAL;Pontes Gestal;Regional Votuporanga;-49,741772;-20,178759;CASA DE AGRICULTURA DE Pontes Gestal;CA
3540408;POPULINA;Populina;Regional Fernandópolis;-50,522612;-19,913922;CASA DE AGRICULTURA DE Populina;CA
3540507;PORANGABA;Porangaba;Regional Itapetininga;-48,115992;-23,164522;CASA DE AGRICULTURA DE Porangaba;CA
3540606;PORTO FELIZ;Porto Feliz;Regional Sorocaba;-47,521148;-23,226188;CASA DE AGRICULTURA DE Porto Feliz;CA
3540705;PORTO FERREIRA;Porto Ferreira;Regional Limeira;-47,442989;-21,843265;CASA DE AGRICULTURA DE Porto Ferreira;CA
3540804;POTIRENDABA;Potirendaba;Regional São José do Rio Preto;-49,384258;-21,066914;CASA DE AGRICULTURA DE Potirendaba;CA
3540903;PRADÓPOLIS;Pradópolis;Regional Ribeirão Preto;-48,068778;-21,348708;CASA DE AGRICULTURA DE Pradópolis;CA
3541059;PRATÂNIA;Pratânia;Regional Botucatu;-48,670629;-22,814385;CASA DE AGRICULTURA DE Pratânia;CA
3541109;PRESIDENTE ALVES;Presidente Alves;Regional Bauru;-49,407002;-22,122106;CASA DE AGRICULTURA DE Presidente Alves;CA
3541208;PRESIDENTE BERNARDES;Presidente Bernardes;Regional Presidente Prudente;-51,625553;-22,124633;CASA DE AGRICULTURA DE Presidente Bernardes;CA
3541307;PRESIDENTE EPITÁCIO;Presidente Epitácio;Regional PresidenteVenceslau;-52,192717;-21,915192;CASA DE AGRICULTURA DE Presidente Epitácio;CA
3541406;PRESIDENTE PRUDENTE;Presidente Prudente;Regional Presidente Prudente;-51,359536;-21,982908;CASA DE AGRICULTURA DE Presidente Prudente;CA
3541505;PRESIDENTE VENCESLAU;Presidente Venceslau;Regional PresidenteVenceslau;-51,863686;-21,818852;CASA DE AGRICULTURA DE Presidente Venceslau;CA
3541604;PROMISSÃO;Promissão;Regional Lins;-49,819089;-21,485855;CASA DE AGRICULTURA DE Promissão;CA
3541653;QUADRA;Quadra;Regional Itapetininga;-48,052261;-23,299832;CASA DE AGRICULTURA DE Quadra;CA
3541703;QUATÁ;Quatá;Regional Assis;-50,638919;-22,235033;CASA DE AGRICULTURA DE Quatá;CA
3542008;QUINTANA;Quintana;Regional Marília;-50,390512;-22,072067;CASA DE AGRICULTURA DE Quintana;CA
3542107;RAFARD;Rafard;Regional Piracicaba;-47,590796;-23,031386;CASA DE AGRICULTURA DE Rafard;CA
3542206;RANCHARIA;Rancharia;Regional Presidente Prudente;-50,912077;-22,317582;CASA DE AGRICULTURA DE Rancharia;CA
3542305;REDENÇÃO DA SERRA;Redenção da Serra;Regional Pindamonhangaba;-45,510256;-23,269352;CASA DE AGRICULTURA DE Redenção da Serra;CA
3542404;REGENTE FEIJÓ;Regente Feijó;Regional Presidente Prudente;-51,30639;-22,213002;CASA DE AGRICULTURA DE Regente Feijó;CA
3542503;REGINÓPOLIS;Reginópolis;Regional Bauru;-49,182032;-21,850058;CASA DE AGRICULTURA DE Reginópolis;CA
3542602;REGISTRO;Registro;Regional Registro;-47,854993;-24,514842;CASA DE AGRICULTURA DE Registro;CA
3542701;RESTINGA;Restinga;Regional Franca;-47,497737;-20,643665;CASA DE AGRICULTURA DE Restinga;CA
3542800;RIBEIRA;Ribeira;Regional Itapeva;-49,030224;-24,635893;CASA DE AGRICULTURA DE Ribeira;CA
3542909;RIBEIRÃO BONITO;Ribeirão Bonito;Regional Araraquara;-48,177266;-22,035474;CASA DE AGRICULTURA DE Ribeirão Bonito;CA
3543006;RIBEIRÃO BRANCO;Ribeirão Branco;Regional Itapeva;-48,79642;-24,267719;CASA DE AGRICULTURA DE Ribeirão Branco;CA
3543105;RIBEIRÃO CORRENTE;Ribeirão Corrente;Regional Franca;-47,584504;-20,460445;CASA DE AGRICULTURA DE Ribeirão Corrente;CA
3543204;RIBEIRÃO DO SUL;Ribeirão do Sul;Regional Ourinhos;-49,94768;-22,732426;CASA DE AGRICULTURA DE Ribeirão do Sul;CA
3543238;RIBEIRÃO DOS ÍNDIOS;Ribeirão dos Índios;Regional PresidenteVenceslau;-51,583949;-21,812962;CASA DE AGRICULTURA DE Ribeirão dos Índios;CA
3543253;RIBEIRÃO GRANDE;Ribeirão Grande;Regional Itapetininga;-48,361684;-24,194562;CASA DE AGRICULTURA DE Ribeirão Grande;CA
3543402;RIBEIRÃO PRETO;Ribeirão Preto;Regional Ribeirão Preto;-47,816807;-21,215094;CASA DE AGRICULTURA DE Ribeirão Preto;CA
3543709;RINCÃO;Rincão;Regional Araraquara;-48,017893;-21,575291;CASA DE AGRICULTURA DE Rincão;CA
3543808;RINÓPOLIS;Rinópolis;Regional Tupã;-50,72847;-21,686191;CASA DE AGRICULTURA DE Rinópolis;CA
3543907;RIO CLARO;Rio Claro;Regional Limeira;-47,619966;-22,393159;CASA DE AGRICULTURA DE Rio Claro;CA
3544004;RIO DAS PEDRAS;Rio das Pedras;Regional Piracicaba;-47,588206;-22,827493;CASA DE AGRICULTURA DE Rio das Pedras;CA
3544202;RIOLÂNDIA;Riolândia;Regional Votuporanga;-49,732418;-20,047616;CASA DE AGRICULTURA DE Riolândia;CA
3543501;RIVERSUL;Riversul;Regional Itapeva;-49,453729;-23,852811;CASA DE AGRICULTURA DE Riversul;CA
3544251;ROSANA;Rosana;Regional PresidenteVenceslau;-52,857886;-22,51281;CASA DE AGRICULTURA DE Rosana;CA
3544400;RUBIÁCEA;Rubiácea;Regional Araçatuba;-50,754553;-21,346688;CASA DE AGRICULTURA DE Rubiácea;CA
3544509;RUBINÉIA;Rubinéia;Regional Jales;-51,039205;-20,26812;CASA DE AGRICULTURA DE Rubinéia;CA
3544608;SABINO;Sabino;Regional Lins;-49,57365;-21,475156;CASA DE AGRICULTURA DE Sabino;CA
3544707;SAGRES;Sagres;Regional Tupã;-50,992493;-21,87171;CASA DE AGRICULTURA DE Sagres;CA
3544806;SALES;Sales;Regional Catanduva;-49,502385;-21,324927;CASA DE AGRICULTURA DE Sales;CA
3544905;SALES OLIVEIRA;Sales Oliveira;Regional Orlândia;-47,851707;-20,823384;CASA DE AGRICULTURA DE Sales Oliveira;CA
3545001;SALESÓPOLIS;Salesópolis;Regional Mogi das Cruzes;-45,845473;-23,596339;CASA DE AGRICULTURA DE Salesópolis;CA
3545100;SALMOURÃO;Salmourão;Regional Tupã;-50,877731;-21,599177;CASA DE AGRICULTURA DE Salmourão;CA
3545159;SALTINHO;Saltinho;Regional Piracicaba;-47,737041;-22,858556;CASA DE AGRICULTURA DE Saltinho;CA
3545209;SALTO;Salto;Regional Sorocaba;-47,289015;-23,161669;CASA DE AGRICULTURA DE Salto;CA
3545308;SALTO DE PIRAPORA;Salto de Pirapora;Regional Sorocaba;-47,592401;-23,661327;CASA DE AGRICULTURA DE Salto de Pirapora;CA
3545407;SALTO GRANDE;Salto Grande;Regional Ourinhos;-49,966919;-22,861133;CASA DE AGRICULTURA DE Salto Grande;CA
3545506;SANDOVALINA;Sandovalina;Regional Presidente Prudente;-51,872881;-22,488398;CASA DE AGRICULTURA DE Sandovalina;CA
3545605;SANTA ADÉLIA;Santa Adélia;Regional Catanduva;-48,82271;-21,31436;CASA DE AGRICULTURA DE Santa Adélia;CA
3545704;SANTA ALBERTINA;Santa Albertina;Regional Jales;-50,74231;-20,035832;CASA DE AGRICULTURA DE Santa Albertina;CA
3545803;SANTA BÁRBARA D'OESTE;Santa Barbara D´Oeste;Regional Piracicaba;-47,444987;-22,800852;CASA DE AGRICULTURA DE Santa Bárbara d'Oeste;CA
3546009;SANTA BRANCA;Santa Branca;Regional Pindamonhangaba;-45,868816;-23,434723;CASA DE AGRICULTURA DE Santa Branca;CA
3546108;SANTA CLARA D'OESTE;Santa Clara D´Oeste;Regional Jales;-50,911612;-20,074658;CASA DE AGRICULTURA DE Santa Clara d'Oeste;CA
3546207;SANTA CRUZ DA CONCEIÇÃO;Santa Cruz da Conceição;Regional Limeira;-47,495626;-22,124359;CASA DE AGRICULTURA DE Santa Cruz da Conceição;CA
3546256;SANTA CRUZ DA ESPERANÇA;Santa Cruz da Esperança;Regional Ribeirão Preto;-47,439527;-21,280649;CASA DE AGRICULTURA DE Santa Cruz da Esperança;CA
3546306;SANTA CRUZ DAS PALMEIRAS;Santa Cruz das Palmeiras;Regional São João da Boa Vista;-47,253561;-21,859653;CASA DE AGRICULTURA DE Santa Cruz das Palmeiras;CA
3546405;SANTA CRUZ DO RIO PARDO;Santa Cruz do Rio Pardo;Regional Ourinhos;-49,572316;-22,756007;CASA DE AGRICULTURA DE Santa Cruz do Rio Pardo;CA
3546603;SANTA FÉ DO SUL;Santa Fé do Sul;Regional Jales;-50,939765;-20,273426;CASA DE AGRICULTURA DE Santa Fé do Sul;CA
3546801;SANTA ISABEL;Santa Isabel;Regional Mogi das Cruzes;-46,234287;-23,306939;CASA DE AGRICULTURA DE Santa Isabel;CA
3547007;SANTA MARIA DA SERRA;Santa Maria da Serra;Regional Piracicaba;-48,161917;-22,564518;CASA DE AGRICULTURA DE Santa Maria da Serra;CA
3547106;SANTA MERCEDES;Santa Mercedes;Regional Dracena;-51,739784;-21,336416;CASA DE AGRICULTURA DE Santa Mercedes;CA
3547502;SANTA RITA DO PASSA QUATRO;Santa Rita do Passa Quatro;Regional Ribeirão Preto;-47,509421;-21,677983;CASA DE AGRICULTURA DE Santa Rita do Passa Quatro;CA
3547403;SANTA RITA D'OESTE;Santa Rita D´Oeste;Regional Jales;-50,820707;-20,100894;CASA DE AGRICULTURA DE Santa Rita d'Oeste;CA
3547601;SANTA ROSA DE VITERBO;Santa Rosa de Viterbo;Regional Ribeirão Preto;-47,354455;-21,503802;CASA DE AGRICULTURA DE Santa Rosa de Viterbo;CA
3547650;SANTA SALETE;Santa Salete;Regional Jales;-50,7168;-20,268048;CASA DE AGRICULTURA DE Santa Salete;CA
3547205;SANTANA DA PONTE PENSA;Santana da Ponte Pensa;Regional Jales;-50,800827;-20,253145;CASA DE AGRICULTURA DE Santana da Ponte Pensa;CA
3547700;SANTO ANASTÁCIO;Santo Anastácio;Regional PresidenteVenceslau;-51,719953;-22,032051;CASA DE AGRICULTURA DE Santo Anastácio;CA
3547908;SANTO ANTÔNIO DA ALEGRIA;Santo Antônio da Alegria;Regional Franca;-47,183556;-20,947447;CASA DE AGRICULTURA DE Santo Antônio da Alegria;CA
3548005;SANTO ANTÔNIO DE POSSE;Santo Antônio de Posse;Regional Mogi Mirim;-46,966644;-22,610575;CASA DE AGRICULTURA DE Santo Antônio de Posse;CA
3548054;SANTO ANTÔNIO DO ARACANGUÁ;Santo Antônio do Aracanguá;Regional General Salgado;-50,564987;-20,864661;CASA DE AGRICULTURA DE Santo Antônio do Aracanguá;CA
3548104;SANTO ANTÔNIO DO JARDIM;Santo Antônio do Jardim;Regional São João da Boa Vista;-46,690229;-22,128856;CASA DE AGRICULTURA DE Santo Antônio do Jardim;CA
3548203;SANTO ANTÔNIO DO PINHAL;Santo Antônio do Pinhal;Regional Pindamonhangaba;-45,697753;-22,844701;CASA DE AGRICULTURA DE Santo Antônio do Pinhal;CA
3548302;SANTO EXPEDITO;Santo Expedito;Regional Presidente Prudente;-51,377098;-21,83343;CASA DE AGRICULTURA DE Santo Expedito;CA
3548401;SANTÓPOLIS DO AGUAPEÍ;Santópolis do Aguapeí;Regional Araçatuba;-50,532946;-21,66028;CASA DE AGRICULTURA DE Santópolis do Aguapeí;CA
3548500;SANTOS;Santos;Regional São Paulo;-46,349656;-23,977624;CASA DE AGRICULTURA DE Santos;CA
3548609;SÃO BENTO DO SAPUCAÍ;São Bento do Sapucaí;Regional Pindamonhangaba;-45,681131;-22,698459;CASA DE AGRICULTURA DE São Bento do Sapucaí;CA
3548906;SÃO CARLOS;São Carlos;Regional Araraquara;-47,908283;-21,879904;CASA DE AGRICULTURA DE São Carlos;CA
3549003;SÃO FRANCISCO;São Francisco;Regional Jales;-50,669577;-20,374414;CASA DE AGRICULTURA DE São Francisco;CA
3549102;SÃO JOÃO DA BOA VISTA;São João da Boa Vista;Regional São João da Boa Vista;-46,802984;-21,967209;CASA DE AGRICULTURA DE São João da Boa Vista;CA
3549201;SÃO JOÃO DAS DUAS PONTES;São João das Duas Pontes;Regional Fernandópolis;-50,379653;-20,409425;CASA DE AGRICULTURA DE São João das Duas Pontes;CA
3549250;SÃO JOÃO DE IRACEMA;São João de Iracema;Regional General Salgado;-50,359558;-20,52399;CASA DE AGRICULTURA DE São João de Iracema;CA
3549300;SÃO JOÃO DO PAU D'ALHO;São João do Pau D´alho;Regional Dracena;-51,679458;-21,250877;CASA DE AGRICULTURA DE São João do Pau d'Alho;CA
3549409;SÃO JOAQUIM DA BARRA;São Joaquim da Barra;Regional Orlândia;-47,957384;-20,541691;CASA DE AGRICULTURA DE São Joaquim da Barra;CA
3549508;SÃO JOSÉ DA BELA VISTA;São José da Bela Vista;Regional Franca;-47,635735;-20,588607;CASA DE AGRICULTURA DE São José da Bela Vista;CA
3549607;SÃO JOSÉ DO BARREIRO;São José do Barreiro;Regional Guaratinguetá;-44,58035;-22,780124;CASA DE AGRICULTURA DE São José do Barreiro;CA
3549706;SÃO JOSÉ DO RIO PARDO;São José do Rio Pardo;Regional São João da Boa Vista;-46,896712;-21,593862;CASA DE AGRICULTURA DE São José do Rio Pardo;CA
3549805;SÃO JOSÉ DO RIO PRETO;São José do Rio Preto;Regional São José do Rio Preto;-49,362207;-20,789169;CASA DE AGRICULTURA DE São José do Rio Preto;CA
3549904;SÃO JOSÉ DOS CAMPOS;São José dos Campos;Regional Pindamonhangaba;-46,047382;-22,904098;CASA DE AGRICULTURA DE São José dos Campos;CA
3550001;SÃO LUÍZ DO PARAITINGA;São Luiz do Paraitinga;Regional Pindamonhangaba;-45,240726;-23,268939;CASA DE AGRICULTURA DE São Luiz do Paraitinga;CA
3550100;SÃO MANUEL;São Manuel;Regional Botucatu;-48,582534;-22,702655;CASA DE AGRICULTURA DE São Manuel;CA
3550209;SÃO MIGUEL ARCANJO;São Miguel Arcanjo;Regional Itapetininga;-48,007434;-23,936206;CASA DE AGRICULTURA DE São Miguel Arcanjo;CA
3550308;SÃO PAULO;São Paulo;Regional São Paulo;-46,76089;-23,536258;CASA DE AGRICULTURA DE São Paulo;CA
3550407;SÃO PEDRO;São Pedro;Regional Piracicaba;-47,936399;-22,555776;CASA DE AGRICULTURA DE São Pedro;CA
3550506;SÃO PEDRO DO TURVO;São Pedro do Turvo;Regional Ourinhos;-49,749302;-22,680795;CASA DE AGRICULTURA DE São Pedro do Turvo;CA
3550605;SÃO ROQUE;São Roque;Regional Sorocaba;-47,108061;-23,538981;CASA DE AGRICULTURA DE São Roque;CA
3550704;SÃO SEBASTIÃO;São Sebastião;Regional Pindamonhangaba;-45,618851;-23,770038;CASA DE AGRICULTURA DE São Sebastião;CA
3550803;SÃO SEBASTIÃO DA GRAMA;São Sebastião da Grama;Regional São João da Boa Vista;-46,756305;-21,747948;CASA DE AGRICULTURA DE São Sebastião da Grama;CA
3550902;SÃO SIMÃO;São Simão;Regional Ribeirão Preto;-47,59811;-21,467678;CASA DE AGRICULTURA DE São Simão;CA
3551108;SARAPUÍ;Sarapuí;Regional Itapetininga;-47,777421;-23,648628;CASA DE AGRICULTURA DE Sarapuí;CA
3551207;SARUTAIÁ;Sarutaiá;Regional Ourinhos;-49,48572;-23,254594;CASA DE AGRICULTURA DE Sarutaiá;CA
3551306;SEBASTIANÓPOLIS DO SUL;Sebastianópolis do Sul;Regional General Salgado;-49,911283;-20,636858;CASA DE AGRICULTURA DE Sebastianópolis do Sul;CA
3551405;SERRA AZUL;Serra Azul;Regional Ribeirão Preto;-47,558822;-21,303584;CASA DE AGRICULTURA DE Serra Azul;CA
3551603;SERRA NEGRA;Serra Negra;Regional Bragança Paulista;-46,704458;-22,577794;CASA DE AGRICULTURA DE Serra Negra;CA
3551702;SERTÃOZINHO;Sertãozinho;Regional Ribeirão Preto;-48,026813;-21,101173;CASA DE AGRICULTURA DE Sertãozinho;CA
3551801;SETE BARRAS;Sete Barras;Regional Registro;-47,935642;-24,313262;CASA DE AGRICULTURA DE Sete Barras;CA
3551900;SEVERÍNIA;Severínia;Regional Barretos;-48,796831;-20,782646;CASA DE AGRICULTURA DE Severínia;CA
3552007;SILVEIRAS;Silveiras;Regional Guaratinguetá;-44,835197;-22,772449;CASA DE AGRICULTURA DE Silveiras;CA
3552106;SOCORRO;Socorro;Regional Bragança Paulista;-46,561266;-22,463508;CASA DE AGRICULTURA DE Socorro;CA
3552205;SOROCABA;Sorocaba;Regional Sorocaba;-47,437818;-23,465637;CASA DE AGRICULTURA DE Sorocaba;CA
3552304;SUD MENNUCCI;Sud Mennucci;Regional General Salgado;-50,903991;-20,684348;CASA DE AGRICULTURA DE Sud Mennucci;CA
3552403;SUMARÉ;Sumaré;Regional Campinas;-47,270531;-22,835289;CASA DE AGRICULTURA DE Sumaré;CA
3552551;SUZANÁPOLIS;Suzanápolis;Regional Andradina;-51,034991;-20,498451;CASA DE AGRICULTURA DE Suzanápolis;CA
3552502;SUZANO;Suzano;Regional Mogi das Cruzes;-46,323537;-23,628657;CASA DE AGRICULTURA DE Suzano;CA
3552601;TABAPUÃ;Tabapuã;Regional Catanduva;-49,012962;-20,934074;CASA DE AGRICULTURA DE Tabapuã;CA
3552700;TABATINGA;Tabatinga;Regional Araraquara;-48,62208;-21,724185;CASA DE AGRICULTURA DE Tabatinga;CA
3552908;TACIBA;Taciba;Regional Presidente Prudente;-51,341467;-22,51095;CASA DE AGRICULTURA DE Taciba;CA
3553005;TAGUAÍ;Taguaí;Regional Ourinhos;-49,39849;-23,462163;CASA DE AGRICULTURA DE Taguaí;CA
3553104;TAIAÇU;Taiaçu;Regional Jaboticabal;-48,5349;-21,128518;CASA DE AGRICULTURA DE Taiaçu;CA
3553203;TAIÚVA;Taiúva;Regional Jaboticabal;-48,416207;-21,13963;CASA DE AGRICULTURA DE Taiúva;CA
3553302;TAMBAÚ;Tambaú;Regional São João da Boa Vista;-47,241302;-21,5976;CASA DE AGRICULTURA DE Tambaú;CA
3553401;TANABI;Tanabi;Regional São José do Rio Preto;-49,684598;-20,517943;CASA DE AGRICULTURA DE Tanabi;CA
3553500;TAPIRAÍ;Tapiraí;Regional Sorocaba;-47,634722;-24,006892;CASA DE AGRICULTURA DE Tapiraí;CA
3553609;TAPIRATIBA;Tapiratiba;Regional São João da Boa Vista;-46,624722;-21,418405;CASA DE AGRICULTURA DE Tapiratiba;CA
3553658;TAQUARAL;Taquaral;Regional Barretos;-48,389615;-21,061034;CASA DE AGRICULTURA DE Taquaral;CA
3553708;TAQUARITINGA;Taquaritinga;Regional Jaboticabal;-48,517488;-21,440146;CASA DE AGRICULTURA DE Taquaritinga;CA
3553807;TAQUARITUBA;Taquarituba;Regional Avaré;-49,240542;-23,534796;CASA DE AGRICULTURA DE Taquarituba;CA
3553856;TAQUARIVAÍ;Taquarivaí;Regional Itapeva;-48,663303;-23,936319;CASA DE AGRICULTURA DE Taquarivaí;CA
3553906;TARABAI;Tarabaí;Regional Presidente Prudente;-51,631753;-22,381402;CASA DE AGRICULTURA DE Tarabai;CA
3553955;TARUMÃ;Tarumã;Regional Assis;-50,606168;-22,770959;CASA DE AGRICULTURA DE Tarumã;CA
3554003;TATUÍ;Tatuí;Regional Itapetininga;-47,887916;-23,3511;CASA DE AGRICULTURA DE Tatuí;CA
3554102;TAUBATÉ;Taubaté;Regional Pindamonhangaba;-45,509271;-23,119125;CASA DE AGRICULTURA DE Taubaté;CA
3554201;TEJUPÁ;Tejupá;Regional Ourinhos;-49,306397;-23,336159;CASA DE AGRICULTURA DE Tejupá;CA
3554300;TEODORO SAMPAIO;Teodoro Sampaio;Regional PresidenteVenceslau;-52,395941;-22,453497;CASA DE AGRICULTURA DE Teodoro Sampaio;CA
3554409;TERRA ROXA;Terra Roxa;Regional Barretos;-48,345563;-20,767609;CASA DE AGRICULTURA DE Terra Roxa;CA
3554508;TIETÊ;Tietê;Regional Piracicaba;-47,703358;-23,040842;CASA DE AGRICULTURA DE Tietê;CA
3554607;TIMBURI;Timburi;Regional Ourinhos;-49,622325;-23,189654;CASA DE AGRICULTURA DE Timburi;CA
3554656;TORRE DE PEDRA;Torre de Pedra;Regional Itapetininga;-48,204954;-23,239324;CASA DE AGRICULTURA DE Torre de Pedra;CA
3554706;TORRINHA;Torrinha;Regional Jaú;-48,167209;-22,44633;CASA DE AGRICULTURA DE Torrinha;CA
3554805;TREMEMBÉ;Tremembé;Regional Pindamonhangaba;-45,60445;-22,958211;CASA DE AGRICULTURA DE Tremembé;CA
3554904;TRÊS FRONTEIRAS;Três Fronteiras;Regional Jales;-50,874415;-20,296581;CASA DE AGRICULTURA DE Três Fronteiras;CA
3554953;TUIUTI;Tuiuti;Regional Bragança Paulista;-46,697889;-22,831029;CASA DE AGRICULTURA DE Tuiuti;CA
3555000;TUPÃ;Tupã;Regional Tupã;-50,541841;-21,956569;CASA DE AGRICULTURA DE Tupã;CA
3555109;TUPI PAULISTA;Tupi Paulista;Regional Dracena;-51,601271;-21,405316;CASA DE AGRICULTURA DE Tupi Paulista;CA
3555208;TURIÚBA;Turiúba;Regional General Salgado;-50,100019;-20,935302;CASA DE AGRICULTURA DE Turiúba;CA
3555307;TURMALINA;Turmalina;Regional Fernandópolis;-50,450362;-20,077714;CASA DE AGRICULTURA DE Turmalina;CA
3555356;UBARANA;Ubarana;Regional São José do Rio Preto;-49,740335;-21,221695;CASA DE AGRICULTURA DE Ubarana;CA
3555406;UBATUBA;Ubatuba;Regional Pindamonhangaba;-45,013022;-23,424839;CASA DE AGRICULTURA DE Ubatuba;CA
3555505;UBIRAJARA;Ubirajara;Regional Bauru;-49,667122;-22,54689;CASA DE AGRICULTURA DE Ubirajara;CA
3555604;UCHOA;Uchoa;Regional Catanduva;-49,161259;-20,922365;CASA DE AGRICULTURA DE Uchoa;CA
3555703;UNIÃO PAULISTA;União Paulista;Regional General Salgado;-49,897433;-20,89039;CASA DE AGRICULTURA DE União Paulista;CA
3555802;URÂNIA;Urânia;Regional Jales;-50,657254;-20,2015;CASA DE AGRICULTURA DE Urânia;CA
3555901;URU;Uru;Regional Lins;-49,317132;-21,754238;CASA DE AGRICULTURA DE Uru;CA
3556008;URUPÊS;Urupês;Regional Catanduva;-49,26194;-21,207789;CASA DE AGRICULTURA DE Urupês;CA
3556107;VALENTIM GENTIL;Valentim Gentil;Regional Votuporanga;-50,115665;-20,408388;CASA DE AGRICULTURA DE Valentim Gentil;CA
3556206;VALINHOS;Valinhos;Regional Campinas;-46,981704;-22,979487;CASA DE AGRICULTURA DE Valinhos;CA
3556305;VALPARAÍSO;Valparaíso;Regional Andradina;-50,947758;-21,196977;CASA DE AGRICULTURA DE Valparaíso;CA
3556354;VARGEM;Vargem;Regional Bragança Paulista;-46,414059;-22,899675;CASA DE AGRICULTURA DE Vargem;CA
3556404;VARGEM GRANDE DO SUL;Vargem Grande do Sul;Regional São João da Boa Vista;-46,878933;-21,866025;CASA DE AGRICULTURA DE Vargem Grande do Sul;CA
3556602;VERA CRUZ;Vera Cruz;Regional Marília;-49,830501;-22,218667;CASA DE AGRICULTURA DE Vera Cruz;CA
3556701;VINHEDO;Vinhedo;Regional Campinas;-46,976348;-23,054658;CASA DE AGRICULTURA DE Vinhedo;CA
3556800;VIRADOURO;Viradouro;Regional Barretos;-48,308125;-20,880921;CASA DE AGRICULTURA DE Viradouro;CA
3556909;VISTA ALEGRE DO ALTO;Vista Alegre do Alto;Regional Jaboticabal;-48,650955;-21,171722;CASA DE AGRICULTURA DE Vista Alegre do Alto;CA
3556958;VITÓRIA BRASIL;Vitória Brasil;Regional Jales;-50,480383;-20,199311;CASA DE AGRICULTURA DE Vitória Brasil;CA
3557105;VOTUPORANGA;Votuporanga;Regional Votuporanga;-50,002808;-20,444913;CASA DE AGRICULTURA DE Votuporanga;CA
3557154;ZACARIAS;Zacarias;Regional General Salgado;-50,053351;-21,103363;CASA DE AGRICULTURA DE Zacarias;CA
3500105;ADAMANTINA;Adamantina;Regional Dracena;-51,180608;-21,710163;Apta Regional;APTA
3502101;ANDRADINA;Andradina;Regional Andradina;-51,306116;-20,881542;Apta Regional;APTA
3504008;ASSIS;Assis;Regional Assis;-50,438082;-22,575146;Apta Regional;APTA
3506003;BAURU;Bauru;Regional Bauru;-49,116763;-22,227981;Apta Regional;APTA
3507902;BROTAS;Brotas;Regional Jaú;-48,108428;-22,288738;Apta Regional;APTA
3512001;COLINA;Colina;Regional Barretos;-48,589922;-20,727846;Apta Regional;APTA
3516606;GÁLIA;Gália;Regional Marília;-49,576663;-22,319109;Apta Regional;APTA
3522307;ITAPETININGA;Itapetininga;Regional Itapetininga;-48,107426;-23,636901;Apta Regional;APTA
3529005;MARÍLIA;Marília;Regional Marília;-49,966675;-22,185099;Apta Regional;APTA
3531209;MONTE ALEGRE DO SUL;Monte Alegre do Sul;Regional Bragança Paulista;-46,678625;-22,699268;Apta Regional;APTA
3536208;PARIQUERA-AÇU;Pariquera-Açu;Regional Registro;-47,844298;-24,704064;Apta Regional;APTA
3538006;PINDAMONHANGABA;Pindamonhangaba;Regional Pindamonhangaba;-45,492104;-22,906833;Apta Regional;APTA
3538105;PINDORAMA;Pindorama;Regional Catanduva;-48,921721;-21,193672;Apta Regional;APTA
3538709;PIRACICABA;Piracicaba;Regional Piracicaba;-47,795846;-22,707734;Apta Regional;APTA
3541406;PRESIDENTE PRUDENTE;Presidente Prudente;Regional Presidente Prudente;-51,359536;-21,982908;Apta Regional;APTA
3550605;SÃO ROQUE;São Roque;Regional Sorocaba;-47,108061;-23,538981;Apta Regional;APTA
3554508;TIETÊ;Tietê;Regional Piracicaba;-47,703358;-23,040842;Apta Regional;APTA
3555406;UBATUBA;Ubatuba;Regional Pindamonhangaba;-45,013022;-23,424839;Apta Regional;APTA
3509502;CAMPINAS;Campinas;Regional Campinas;-47,033004;-22,885107;Instituto Agronômico - IAC;IAC
3510203;CAPÃO BONITO;Capão Bonito;Regional Itapetininga;-48,26821;-24,062897;Instituto Agronômico - IAC;IAC
3512407;CORDEIRÓPOLIS;Cordeirópolis;Regional Limeira;-47,405037;-22,475084;Instituto Agronômico - IAC;IAC
3523206;ITARARÉ;Itararé;Regional Itapeva;-49,318776;-24,118538;Instituto Agronômico - IAC;IAC
3525300;JAÚ;Jaú;Regional Jaú;-48,537574;-22,298576;Instituto Agronômico - IAC;IAC
3525904;JUNDIAÍ;Jundiaí;Regional Campinas;-46,914069;-23,205025;Instituto Agronômico - IAC;IAC
3530508;MOCOCA;Mococa;Regional São João da Boa Vista;-47,010076;-21,445977;Instituto Agronômico - IAC;IAC
3538105;PINDORAMA;Pindorama;Regional Catanduva;-48,921721;-21,193672;Instituto Agronômico - IAC;IAC
3543402;RIBEIRÃO PRETO;Ribeirão Preto;Regional Ribeirão Preto;-47,816807;-21,215094;Instituto Agronômico - IAC;IAC
3554003;TATUÍ;Tatuí;Regional Itapetininga;-47,887916;-23,3511;Instituto Agronômico - IAC;IAC
3557105;VOTUPORANGA;Votuporanga;Regional Votuporanga;-50,002808;-20,444913;Instituto Agronômico - IAC;IAC
3502804;ARAÇATUBA;Araçatuba;Regional Araçatuba;-50,485503;-21,14638;Instituto Biológico - IB;IB
3505807;BASTOS;Bastos;Regional Tupã;-50,771543;-21,951551;Instituto Biológico - IB;IB
3509502;CAMPINAS;Campinas;Regional Campinas;-47,033004;-22,885107;Instituto Biológico - IB;IB
3513702;DESCALVADO;Descalvado;Regional Araraquara;-47,651036;-21,878994;Instituto Biológico - IB;IB
3538006;PINDAMONHANGABA;Pindamonhangaba;Regional Pindamonhangaba;-45,492104;-22,906833;Instituto Biológico - IB;IB
3543402;RIBEIRÃO PRETO;Ribeirão Preto;Regional Ribeirão Preto;-47,816807;-21,215094;Instituto Biológico - IB;IB
3550308;SÃO PAULO;São Paulo;Regional São Paulo;-46,76089;-23,536258;Instituto Biológico - IB;IB
3552205;SOROCABA;Sorocaba;Regional Sorocaba;-47,437818;-23,465637;Instituto Biológico - IB;IB
3557105;VOTUPORANGA;Votuporanga;Regional Votuporanga;-50,002808;-20,444913;Instituto Biológico - IB;IB
3550308;SÃO PAULO;São Paulo;Regional São Paulo;-46,76089;-23,536258;Instituto de Economia Agrícola - IEA;IEA
3509700;CAMPOS DO JORDÃO;Campos do Jordão;Regional Pindamonhangaba;-45,533846;-22,712054;Instituto de Pesca - IP;IP
3509908;CANANÉIA;Cananéia;Regional Registro;-47,984009;-25,066788;Instituto de Pesca - IP;IP
3539301;PIRASSUNUNGA;Pirassununga;Regional Limeira;-47,415938;-21,969312;Instituto de Pesca - IP;IP
3548500;SANTOS;Santos;Regional São Paulo;-46,349656;-23,977624;Instituto de Pesca - IP;IP
3549805;SÃO JOSÉ DO RIO PRETO;São José do Rio Preto;Regional São José do Rio Preto;-49,362207;-20,789169;Instituto de Pesca - IP;IP
3550308;SÃO PAULO;São Paulo;Regional São Paulo;-46,76089;-23,536258;Instituto de Pesca - IP;IP
3555406;UBATUBA;Ubatuba;Regional Pindamonhangaba;-45,013022;-23,424839;Instituto de Pesca - IP;IP
3509502;CAMPINAS;Campinas;Regional Campinas;-47,033004;-22,885107;Instituto de Tecnologia de Alimentos - IAC;IAC
3533403;NOVA ODESSA;Nova Odessa;Regional Piracicaba;-47,288743;-22,777703;Instituto de Zootecnia - IZ;IZ
3538709;PIRACICABA;Piracicaba;Regional Piracicaba;-47,795846;-22,707734;Instituto de Zootecnia - IZ;IZ
3542602;REGISTRO;Registro;Regional Registro;-47,854993;-24,514842;Instituto de Zootecnia - IZ;IZ
3543402;RIBEIRÃO PRETO;Ribeirão Preto;Regional Ribeirão Preto;-47,816807;-21,215094;Instituto de Zootecnia - IZ;IZ
3549805;SÃO JOSÉ DO RIO PRETO;São José do Rio Preto;Regional São José do Rio Preto;-49,362207;-20,789169;Instituto de Zootecnia - IZ;IZ
3551702;SERTÃOZINHO;Sertãozinho;Regional Ribeirão Preto;-48,026813;-21,101173;Instituto de Zootecnia - IZ;IZ
